dates,on,off,g_val,times,avg,delta,int_dates,distance,avg_clean,Temp,Pressure,Humidity,Solar_radiation,harvest,tank,status_harvest
2023-10-05 10:00:00-04:00,,,,,,,,,,,,,,22.11,,restock
2023-10-12 10:00:00-04:00,,,,,,,,,,,,,,-19.4,,harvest
2023-10-18 12:16:30-04:00,149.0,110.0,1183.0,12:16:30,1260.5833333333333,1183.0,1066094656.0,22.2353515625,1260.5833333333333,15.375,1017.425,78.83333333333333,0.0,,1.0,
2023-10-18 12:39:52-04:00,198.0,148.0,1030.0,12:39:52,1251.923076923077,1030.0,1066094679.0,176.596923828125,1251.923076923077,15.375,1017.425,78.83333333333333,0.0,,1.0,
2023-10-18 13:03:13-04:00,224.0,187.0,1239.0,13:03:13,1246.5714285714287,1239.0,1066094703.0,30.98046875,1246.5714285714287,15.241666666666667,1017.5083333333333,78.91666666666667,0.16666666666666666,,1.0,
2023-10-18 13:26:35-04:00,392.0,310.0,1269.0,13:26:35,1233.0,1269.0,1066094726.0,59.615234375,1233.0,15.241666666666667,1017.5083333333333,78.91666666666667,0.16666666666666666,,1.0,
2023-10-18 13:49:58-04:00,219.0,190.0,1410.0,13:49:58,1218.9166666666667,1410.0,1066094749.0,199.2481689453125,1218.9166666666667,15.241666666666667,1017.5083333333333,78.91666666666667,0.16666666666666666,,1.0,
2023-10-18 14:13:20-04:00,337.0,314.0,930.0,14:13:20,1218.9166666666667,930.0,1066094773.0,282.18017578125,1218.9166666666667,15.383333333333333,1018.1166666666667,77.75,0.0,,1.0,
2023-10-18 14:36:43-04:00,633.0,597.0,1182.0,14:36:43,1194.0,1182.0,1066094796.0,31.5509033203125,1194.0,15.383333333333333,1018.1166666666667,77.75,0.0,,1.0,
2023-10-18 15:00:06-04:00,285.0,241.0,1276.0,15:00:06,1184.4,1276.0,1066094820.0,61.016845703125,1184.4,15.458333333333336,1018.4583333333336,77.91666666666667,21.91666666666667,,1.0,
2023-10-18 15:23:28-04:00,164.0,112.0,1148.0,15:23:28,1184.5555555555557,1148.0,1066094843.0,68.357421875,1184.5555555555557,15.458333333333336,1018.4583333333336,77.91666666666667,21.91666666666667,,1.0,
2023-10-18 15:46:49-04:00,192.0,149.0,1177.0,15:46:49,1203.875,1177.0,1066094866.0,40.733642578125,1203.875,15.458333333333336,1018.4583333333336,77.91666666666667,21.91666666666667,,1.0,
2023-10-19 10:00:00-04:00,,,,,,,,,,,,,,-19.4,,harvest
2023-10-19 10:03:41-04:00,385.0,353.0,942.0,10:03:41,804.125,942.0,1066095963.0,68.22900390625,843.2857142857143,23.6,1018.0083333333333,68.41666666666667,0.16666666666666666,,1.0,
2023-10-19 10:27:02-04:00,447.0,429.0,810.0,10:27:02,781.7777777777778,810.0,1066095987.0,66.2518310546875,813.25,23.6,1018.0083333333333,68.41666666666667,0.16666666666666666,,1.0,
2023-10-19 10:50:23-04:00,181.0,158.0,745.0,10:50:23,813.7,745.0,1066096010.0,133.6280517578125,845.2222222222222,23.6,1018.0083333333333,68.41666666666667,0.16666666666666666,,1.0,
2023-10-19 11:37:07-04:00,266.0,243.0,824.0,11:37:07,855.3333333333334,824.0,1066096057.0,59.479248046875,843.9,23.15833333333333,1017.6083333333336,68.91666666666667,0.5833333333333334,,1.0,
2023-10-19 12:00:34-04:00,256.0,229.0,1164.0,12:00:34,879.6923076923077,1164.0,1066096080.0,278.14892578125,873.7272727272727,22.95833333333333,1017.3,68.75,1.0,,1.0,
2023-10-19 12:23:51-04:00,709.0,719.0,726.0,12:23:51,904.2142857142857,726.0,1066096103.0,162.2215576171875,902.8333333333334,22.95833333333333,1017.3,68.75,1.0,,1.0,
2023-10-19 12:47:14-04:00,305.0,277.0,692.0,12:47:14,906.8,692.0,1066096127.0,198.69384765625,905.9230769230769,22.95833333333333,1017.3,68.75,1.0,,1.0,
2023-10-19 13:10:36-04:00,639.0,623.0,603.0,13:10:36,928.8666666666667,603.0,1066096150.0,290.0615234375,902.9166666666666,23.10833333333333,1017.4583333333336,68.08333333333333,0.5,,1.0,
2023-10-19 13:35:50-04:00,661.0,654.0,1101.0,13:35:50,937.3571428571429,1101.0,1066096175.0,205.3665771484375,911.3636363636364,23.10833333333333,1017.4583333333336,68.08333333333333,0.5,,1.0,
2023-10-19 13:57:49-04:00,656.0,637.0,832.0,13:57:49,952.1538461538462,832.0,1066096197.0,65.8953857421875,928.0,23.10833333333333,1017.4583333333336,68.08333333333333,0.5,,1.0,
2023-10-19 14:44:16-04:00,577.0,554.0,1172.0,14:44:16,1002.1818181818181,1172.0,1066096244.0,269.2767333984375,939.5555555555555,23.175,1017.75,67.75,0.6666666666666666,,1.0,
2023-10-19 15:07:38-04:00,530.0,485.0,1223.0,15:07:38,986.0,1223.0,1066096267.0,317.916015625,911.5,23.016666666666666,1018.0833333333336,68.83333333333333,15.333333333333336,,1.0,
2023-10-19 15:32:52-04:00,255.0,209.0,943.0,15:32:52,1014.8888888888889,943.0,1066096292.0,35.351806640625,938.0,23.016666666666666,1018.0833333333336,68.83333333333333,15.333333333333336,,1.0,
2023-10-20 10:12:32-04:00,352.0,315.0,880.0,10:12:32,902.75,880.0,1066097412.0,140.829833984375,934.5714285714286,20.075,1013.575,78.41666666666667,0.4166666666666667,,1.0,
2023-10-20 10:35:52-04:00,449.0,409.0,852.0,10:35:52,913.6666666666666,852.0,1066097435.0,171.119384765625,942.875,20.075,1013.575,78.41666666666667,0.4166666666666667,,1.0,
2023-10-20 10:59:14-04:00,464.0,441.0,1094.0,10:59:14,901.8,1094.0,1066097459.0,68.4931640625,926.4444444444445,20.075,1013.575,78.41666666666667,0.4166666666666667,,1.0,
2023-10-20 11:22:35-04:00,525.0,504.0,780.0,11:22:35,1003.0,780.0,1066097482.0,247.79345703125,926.4444444444445,20.091666666666665,1012.9,78.08333333333333,0.8333333333333334,,1.0,
2023-10-20 11:45:57-04:00,578.0,570.0,939.0,11:45:57,1027.0,939.0,1066097505.0,91.078857421875,962.9,20.091666666666665,1012.9,78.08333333333333,0.8333333333333334,,1.0,
2023-10-20 12:32:42-04:00,611.0,578.0,980.0,12:32:42,1039.4285714285713,980.0,1066097552.0,54.7442626953125,988.0833333333334,20.45833333333333,1012.6416666666668,77.91666666666667,0.16666666666666666,,1.0,
2023-10-20 12:56:05-04:00,778.0,742.0,1017.0,12:56:05,1039.6,1017.0,1066097576.0,20.12451171875,992.2307692307693,20.45833333333333,1012.6416666666668,77.91666666666667,0.16666666666666666,,1.0,
2023-10-20 13:19:28-04:00,782.0,747.0,1001.0,13:19:28,1051.0,1001.0,1066097599.0,38.404052734375,1001.5833333333334,19.983333333333334,1012.6333333333333,80.66666666666667,0.3333333333333333,,1.0,
2023-10-20 13:42:51-04:00,93.0,75.0,795.0,13:42:51,1066.3076923076924,795.0,1066097622.0,246.6822509765625,1015.1818181818181,19.983333333333334,1012.6333333333333,80.66666666666667,0.3333333333333333,,1.0,
2023-10-20 14:29:34-04:00,622.0,593.0,1291.0,14:29:34,1089.8181818181818,1291.0,1066097669.0,244.6668701171875,1032.5555555555557,19.8,1013.2,84.25,0.6666666666666666,,1.0,
2023-10-20 14:52:56-04:00,159.0,123.0,960.0,14:52:56,1104.9,960.0,1066097692.0,88.6070556640625,1044.25,19.8,1013.2,84.25,0.6666666666666666,,1.0,
2023-10-20 15:16:17-04:00,496.0,481.0,1268.0,15:16:17,1152.111111111111,1268.0,1066097716.0,217.021728515625,1044.25,19.875,1013.3,84.75,8.75,,1.0,
2023-10-20 15:39:39-04:00,126.0,84.0,1042.0,15:39:39,1173.625,1042.0,1066097739.0,11.249267578125,1053.4285714285713,19.875,1013.3,84.75,8.75,,1.0,
2023-10-21 10:20:08-04:00,421.0,385.0,1226.0,10:20:08,1072.75,1226.0,1066098860.0,63.7576904296875,1109.857142857143,18.825,1010.7333333333332,84.58333333333333,0.0,,1.0,
2023-10-21 10:43:29-04:00,497.0,450.0,870.0,10:43:29,1073.5555555555557,870.0,1066098883.0,294.44384765625,1106.125,18.825,1010.7333333333332,84.58333333333333,0.0,,1.0,
2023-10-21 11:06:50-04:00,528.0,481.0,995.0,11:06:50,1065.1,995.0,1066098906.0,171.6439208984375,1093.111111111111,18.525,1010.725,86.41666666666669,0.08333333333333333,,1.0,
2023-10-21 11:30:12-04:00,577.0,525.0,1145.0,11:30:12,1066.7272727272727,1145.0,1066098930.0,23.9381103515625,1092.1,18.525,1010.725,86.41666666666669,0.08333333333333333,,1.0,
2023-10-21 12:17:05-04:00,593.0,565.0,1111.0,12:17:05,1106.076923076923,1111.0,1066098977.0,62.426513671875,1130.5,19.516666666666666,1010.7833333333333,84.0,0.16666666666666666,,1.0,
2023-10-21 12:40:27-04:00,742.0,724.0,969.0,12:40:27,1083.2857142857142,969.0,1066099000.0,206.6209716796875,1130.5,19.516666666666666,1010.7833333333333,84.0,0.16666666666666666,,1.0,
2023-10-21 13:04:00-04:00,727.0,689.0,1453.0,13:04:00,1108.9333333333334,1453.0,1066099024.0,275.0906982421875,1156.4615384615386,19.8,1011.2583333333333,83.5,0.0,,1.0,
2023-10-21 13:27:14-04:00,669.0,647.0,1080.0,13:27:14,1100.5714285714287,1080.0,1066099047.0,100.100830078125,1150.6666666666667,19.8,1011.2583333333333,83.5,0.0,,1.0,
2023-10-21 13:50:37-04:00,744.0,714.0,989.0,13:50:37,1118.3076923076924,989.0,1066099070.0,193.2908935546875,1176.1818181818182,19.8,1011.2583333333333,83.5,0.0,,1.0,
2023-10-21 14:14:00-04:00,670.0,633.0,1083.0,14:14:00,1128.5833333333333,1083.0,1066099094.0,101.57470703125,1194.3,19.725,1011.925,83.66666666666667,0.0,,1.0,
2023-10-21 14:37:23-04:00,575.0,530.0,1337.0,14:37:23,1127.090909090909,1337.0,1066099117.0,150.238037109375,1199.7777777777778,19.725,1011.925,83.66666666666667,0.0,,1.0,
2023-10-21 15:00:47-04:00,514.0,479.0,1308.0,15:00:47,1158.5,1308.0,1066099140.0,119.0521240234375,1199.7777777777778,19.216666666666665,1012.5333333333333,85.66666666666667,17.416666666666668,,1.0,
2023-10-21 15:47:34-04:00,395.0,378.0,1468.0,15:47:34,1188.125,1468.0,1066099187.0,274.58984375,1245.4285714285713,19.216666666666665,1012.5333333333333,85.66666666666667,17.416666666666668,,1.0,
2023-10-22 10:05:47-04:00,206.0,173.0,1062.0,10:05:47,1252.375,1062.0,1066100285.0,233.997314453125,1252.375,20.625,1013.6666666666664,82.58333333333333,0.25,,1.0,
2023-10-22 10:29:08-04:00,241.0,198.0,1154.0,10:29:08,1185.7777777777778,1154.0,1066100309.0,144.2039794921875,1252.375,20.625,1013.6666666666664,82.58333333333333,0.25,,1.0,
2023-10-22 10:52:29-04:00,457.0,407.0,1318.0,10:52:29,1194.2,1318.0,1066100332.0,17.6827392578125,1254.3333333333333,20.625,1013.6666666666664,82.58333333333333,0.25,,1.0,
2023-10-22 11:15:50-04:00,466.0,436.0,1165.0,11:15:50,1240.2727272727273,1165.0,1066100355.0,137.4293212890625,1254.3333333333333,20.166666666666668,1013.6416666666668,85.33333333333333,0.0,,1.0,
2023-10-22 11:39:12-04:00,584.0,521.0,1282.0,11:39:12,1244.0833333333333,1282.0,1066100379.0,22.6314697265625,1257.5,20.166666666666668,1013.6416666666668,85.33333333333333,0.0,,1.0,
2023-10-22 12:02:34-04:00,659.0,611.0,1247.0,12:02:34,1260.7692307692307,1247.0,1066100402.0,59.7406005859375,1276.0,19.941666666666666,1013.9416666666666,87.08333333333331,0.08333333333333333,,1.0,
2023-10-22 12:25:56-04:00,558.0,505.0,1183.0,12:25:56,1263.142857142857,1183.0,1066100425.0,125.8482666015625,1277.5,19.941666666666666,1013.9416666666666,87.08333333333331,0.08333333333333333,,1.0,
2023-10-22 12:49:19-04:00,606.0,551.0,1608.0,12:49:19,1268.8,1608.0,1066100449.0,296.9537353515625,1282.923076923077,19.941666666666666,1013.9416666666666,87.08333333333331,0.08333333333333333,,1.0,
2023-10-22 13:36:05-04:00,500.0,465.0,1270.0,13:36:05,1308.2857142857142,1270.0,1066100496.0,45.345947265625,1330.1666666666667,19.325,1014.15,88.75,0.0,,1.0,
2023-10-22 14:22:57-04:00,468.0,397.0,1286.0,14:22:57,1319.4166666666667,1286.0,1066100542.0,33.548583984375,1347.9,18.75,1014.6416666666668,88.5,0.25,,1.0,
2023-10-22 14:46:20-04:00,487.0,442.0,1461.0,14:46:20,1322.8181818181818,1461.0,1066100566.0,139.260986328125,1355.2222222222222,18.75,1014.6416666666668,88.5,0.25,,1.0,
2023-10-22 15:09:42-04:00,477.0,446.0,1294.0,15:09:42,1330.4,1294.0,1066100589.0,29.8367919921875,1368.75,18.291666666666668,1015.25,89.83333333333331,18.25,,1.0,
2023-10-22 15:33:05-04:00,380.0,326.0,1348.0,15:33:05,1346.7777777777778,1348.0,1066100613.0,21.975830078125,1395.2857142857142,18.291666666666668,1015.25,89.83333333333331,18.25,,1.0,
2023-10-22 15:56:27-04:00,424.0,385.0,1500.0,15:56:27,1314.125,1500.0,1066100636.0,171.8809814453125,1359.8333333333333,18.291666666666668,1015.25,89.83333333333331,18.25,,1.0,
2023-10-23 10:13:00-04:00,335.0,304.0,1368.0,10:13:00,1361.375,1368.0,1066101733.0,58.411865234375,1361.375,16.783333333333335,1015.5416666666664,89.41666666666669,0.16666666666666666,,1.0,
2023-10-23 10:36:32-04:00,468.0,418.0,1294.0,10:36:32,1341.4444444444443,1294.0,1066101756.0,134.4385986328125,1341.4444444444443,16.783333333333335,1015.5416666666664,89.41666666666669,0.16666666666666666,,1.0,
2023-10-23 11:00:11-04:00,518.0,457.0,1465.0,11:00:11,1379.8,1465.0,1066101780.0,34.4478759765625,1379.8,17.108333333333334,1015.3833333333333,87.5,0.3333333333333333,,1.0,
2023-10-23 11:23:42-04:00,523.0,467.0,1400.0,11:23:42,1391.3636363636363,1400.0,1066101803.0,32.575927734375,1391.3636363636363,17.108333333333334,1015.3833333333333,87.5,0.3333333333333333,,1.0,
2023-10-23 11:47:05-04:00,563.0,519.0,1292.0,11:47:05,1398.6666666666667,1292.0,1066101827.0,142.6864013671875,1398.6666666666667,17.108333333333334,1015.3833333333333,87.5,0.3333333333333333,,1.0,
2023-10-23 12:10:28-04:00,448.0,426.0,1234.0,12:10:28,1425.3076923076924,1234.0,1066101850.0,202.70751953125,1425.3076923076924,17.541666666666668,1015.4333333333334,83.58333333333333,0.16666666666666666,,1.0,
2023-10-23 12:33:57-04:00,575.0,536.0,1350.0,12:33:57,1417.857142857143,1350.0,1066101873.0,88.7271728515625,1417.857142857143,17.541666666666668,1015.4333333333334,83.58333333333333,0.16666666666666666,,1.0,
2023-10-23 12:57:21-04:00,618.0,566.0,1488.0,12:57:21,1395.4,1488.0,1066101897.0,47.1668701171875,1417.857142857143,17.541666666666668,1015.4333333333334,83.58333333333333,0.16666666666666666,,1.0,
2023-10-23 13:21:03-04:00,658.0,602.0,1182.0,13:21:03,1397.357142857143,1182.0,1066101921.0,260.9376220703125,1421.6923076923076,17.341666666666665,1015.8583333333332,80.33333333333333,1.25,,1.0,
2023-10-23 13:44:51-04:00,600.0,545.0,1725.0,13:44:51,1405.3076923076924,1725.0,1066101944.0,280.0469970703125,1432.3333333333333,17.341666666666665,1015.8583333333332,80.33333333333333,1.25,,1.0,
2023-10-23 14:08:14-04:00,477.0,413.0,1507.0,14:08:14,1400.3333333333333,1507.0,1066101968.0,59.945556640625,1429.3636363636363,16.516666666666666,1016.3416666666667,85.83333333333333,0.75,,1.0,
2023-10-23 14:31:38-04:00,541.0,503.0,1479.0,14:31:38,1400.3636363636363,1479.0,1066101991.0,29.93310546875,1432.3,16.516666666666666,1016.3416666666667,85.83333333333333,0.75,,1.0,
2023-10-23 14:55:01-04:00,524.0,508.0,1745.0,14:55:01,1411.2,1745.0,1066102015.0,293.8345947265625,1447.888888888889,16.516666666666666,1016.3416666666667,85.83333333333333,0.75,,1.0,
2023-10-23 15:18:25-04:00,408.0,352.0,1321.0,15:18:25,1430.888888888889,1321.0,1066102038.0,132.175048828125,1474.625,16.325,1016.8916666666668,88.08333333333331,15.666666666666664,,1.0,
2023-10-24 10:00:00-04:00,315.0,286.0,1444.0,10:00:00,1474.875,1444.0,1066103160.0,105.51220703125,1512.0,25.441666666666666,1018.2416666666667,70.83333333333333,0.0,,1.0,
2023-10-24 10:23:22-04:00,369.0,319.0,1563.0,10:23:22,1484.888888888889,1563.0,1066103183.0,11.5477294921875,1518.625,25.441666666666666,1018.2416666666667,70.83333333333333,0.0,,1.0,
2023-10-24 10:46:43-04:00,421.0,366.0,1661.0,10:46:43,1464.1,1661.0,1066103206.0,107.609130859375,1491.7777777777778,25.441666666666666,1018.2416666666667,70.83333333333333,0.0,,1.0,
2023-10-24 11:10:05-04:00,475.0,433.0,1799.0,11:10:05,1461.090909090909,1799.0,1066103230.0,243.587646484375,1485.7,25.43333333333333,1018.3166666666666,69.25,0.08333333333333333,,1.0,
2023-10-24 11:33:27-04:00,525.0,485.0,1441.0,11:33:27,1453.0833333333333,1441.0,1066103253.0,116.3480224609375,1474.7272727272727,25.43333333333333,1018.3166666666666,69.25,0.08333333333333333,,1.0,
2023-10-24 11:56:49-04:00,211.0,159.0,1344.0,11:56:49,1439.3846153846155,1344.0,1066103276.0,215.2823486328125,1458.0833333333333,25.43333333333333,1018.3166666666666,69.25,0.08333333333333333,,1.0,
2023-10-24 12:43:33-04:00,236.0,202.0,1332.0,12:43:33,1435.2,1332.0,1066103323.0,231.230712890625,1450.9285714285713,25.21666666666667,1018.45,68.5,0.0,,1.0,
2023-10-24 13:06:55-04:00,261.0,219.0,1565.0,13:06:55,1477.9333333333334,1565.0,1066103346.0,0.160888671875,1451.4615384615386,25.15,1018.8333333333336,68.08333333333333,0.0,,1.0,
2023-10-24 13:30:17-04:00,189.0,143.0,1277.0,13:30:17,1471.857142857143,1277.0,1066103370.0,290.1734619140625,1442.1666666666667,25.15,1018.8333333333336,68.08333333333333,0.0,,1.0,
2023-10-24 13:53:39-04:00,157.0,121.0,1431.0,13:53:39,1457.3076923076924,1431.0,1066103393.0,138.1007080078125,1422.2727272727273,25.15,1018.8333333333336,68.08333333333333,0.0,,1.0,
2023-10-24 14:17:10-04:00,437.0,393.0,1365.0,14:17:10,1428.8333333333333,1365.0,1066103417.0,206.1103515625,1384.6,25.05,1019.425,68.0,0.0,,1.0,
2023-10-24 14:40:32-04:00,301.0,253.0,1275.0,14:40:32,1427.7272727272727,1275.0,1066103440.0,298.03466796875,1378.3333333333333,25.05,1019.425,68.0,0.0,,1.0,
2023-10-24 15:03:45-04:00,132.0,92.0,1383.0,15:03:45,1436.1,1383.0,1066103463.0,191.9576416015625,1382.625,25.125,1020.0666666666666,68.75,11.916666666666664,,1.0,
2023-10-24 15:27:07-04:00,423.0,381.0,1433.0,15:27:07,1460.6666666666667,1433.0,1066103487.0,143.962646484375,1382.625,25.125,1020.0666666666666,68.75,11.916666666666664,,1.0,
2023-10-25 10:11:55-04:00,210.0,164.0,1603.0,10:11:55,1565.25,1603.0,1066104611.0,66.1629638671875,1645.142857142857,25.191666666666666,1020.525,67.16666666666667,0.08333333333333333,,1.0,
2023-10-25 10:35:14-04:00,138.0,94.0,1434.0,10:35:14,1551.111111111111,1434.0,1066104635.0,237.0953369140625,1619.25,25.191666666666666,1020.525,67.16666666666667,0.08333333333333333,,1.0,
2023-10-25 10:58:34-04:00,194.0,154.0,1545.0,10:58:34,1581.0,1545.0,1066104658.0,127.945556640625,1644.888888888889,25.191666666666666,1020.525,67.16666666666667,0.08333333333333333,,1.0,
2023-10-25 11:21:55-04:00,353.0,306.0,1570.0,11:21:55,1617.8181818181818,1570.0,1066104681.0,104.7945556640625,1679.0,24.91666666666667,1019.9083333333333,69.75,0.3333333333333333,,1.0,
2023-10-25 11:45:17-04:00,742.0,641.0,1957.0,11:45:17,1617.6666666666667,1957.0,1066104705.0,280.277587890625,1673.2727272727273,24.91666666666667,1019.9083333333333,69.75,0.3333333333333333,,1.0,
2023-10-25 12:08:39-04:00,494.0,461.0,1961.0,12:08:39,1628.0,1961.0,1066104728.0,282.4315185546875,1679.8333333333333,25.025,1019.675,70.58333333333333,0.08333333333333333,,1.0,
2023-10-25 12:32:01-04:00,434.0,380.0,1446.0,12:32:01,1629.4285714285713,1446.0,1066104752.0,234.4932861328125,1677.3846153846155,25.025,1019.675,70.58333333333333,0.08333333333333333,,1.0,
2023-10-25 13:18:46-04:00,630.0,591.0,1438.0,13:18:46,1622.9285714285713,1438.0,1066104798.0,246.1783447265625,1670.3846153846155,25.066666666666666,1020.0166666666668,69.91666666666667,0.0,,1.0,
2023-10-25 13:42:08-04:00,589.0,558.0,1850.0,13:42:08,1637.4615384615386,1850.0,1066104822.0,163.9012451171875,1690.0833333333333,25.066666666666666,1020.0166666666668,69.91666666666667,0.0,,1.0,
2023-10-25 14:05:31-04:00,558.0,522.0,1986.0,14:05:31,1645.1666666666667,1986.0,1066104845.0,298.062255859375,1703.2727272727273,25.25,1020.2083333333336,67.66666666666667,0.0,,1.0,
2023-10-25 14:28:53-04:00,587.0,527.0,1616.0,14:28:53,1652.0,1616.0,1066104868.0,73.7752685546875,1716.6,25.25,1020.2083333333336,67.66666666666667,0.0,,1.0,
2023-10-25 14:52:15-04:00,326.0,278.0,1752.0,14:52:15,1621.5,1752.0,1066104892.0,60.3087158203125,1689.888888888889,25.25,1020.2083333333336,67.66666666666667,0.0,,1.0,
2023-10-25 15:15:37-04:00,108.0,66.0,1648.0,15:15:37,1583.7777777777778,1648.0,1066104915.0,45.52587890625,1656.0,25.016666666666666,1020.7333333333332,70.41666666666667,11.583333333333336,,1.0,
2023-10-25 15:38:58-04:00,156.0,106.0,1512.0,15:38:58,1601.0,1512.0,1066104938.0,183.359130859375,1686.0,25.016666666666666,1020.7333333333332,70.41666666666667,11.583333333333336,,1.0,
2023-10-26 10:00:00-04:00,,,,,,,,,,,,,,-23.6,,harvest
2023-10-26 10:18:57-04:00,455.0,411.0,1012.0,10:18:57,1056.375,1012.0,1066106058.0,134.72998046875,1102.4285714285713,25.508333333333336,1019.5833333333336,71.25,0.0,,1.0,
2023-10-26 10:42:19-04:00,138.0,107.0,1089.0,10:42:19,1056.6666666666667,1089.0,1066106082.0,59.3564453125,1097.0,25.508333333333336,1019.5833333333336,71.25,0.0,,1.0,
2023-10-26 11:05:39-04:00,226.0,171.0,908.0,11:05:39,1067.9,908.0,1066106105.0,241.912109375,1105.0,25.29166666666667,1019.1333333333333,71.41666666666667,0.0,,1.0,
2023-10-26 11:29:01-04:00,345.0,304.0,1098.0,11:29:01,1077.8181818181818,1098.0,1066106129.0,53.5322265625,1112.2,25.29166666666667,1019.1333333333333,71.41666666666667,0.0,,1.0,
2023-10-26 11:52:23-04:00,530.0,482.0,1329.0,11:52:23,1089.4166666666667,1329.0,1066106152.0,175.917724609375,1121.7272727272727,25.29166666666667,1019.1333333333333,71.41666666666667,0.0,,1.0,
2023-10-26 12:15:45-04:00,669.0,632.0,1054.0,12:15:45,1118.076923076923,1054.0,1066106175.0,100.629150390625,1150.0833333333333,25.05833333333333,1019.0416666666664,69.33333333333333,0.0,,1.0,
2023-10-26 13:02:55-04:00,500.0,442.0,1227.0,13:02:55,1063.7333333333333,1227.0,1066106222.0,69.218505859375,1129.4615384615386,24.79166666666667,1019.15,67.83333333333333,0.0,,1.0,
2023-10-26 13:26:36-04:00,526.0,480.0,1059.0,13:26:36,1067.4285714285713,1059.0,1066106246.0,100.386474609375,1139.25,24.79166666666667,1019.15,67.83333333333333,0.0,,1.0,
2023-10-26 13:49:58-04:00,697.0,609.0,1169.0,13:49:58,1065.7692307692307,1169.0,1066106269.0,8.078369140625,1143.8181818181818,24.79166666666667,1019.15,67.83333333333333,0.0,,1.0,
2023-10-26 14:13:21-04:00,533.0,513.0,1177.0,14:13:21,1078.9166666666667,1177.0,1066106293.0,14.479248046875,1167.4,24.508333333333336,1019.325,68.75,0.0,,1.0,
2023-10-26 14:37:10-04:00,402.0,349.0,1217.0,14:37:10,1077.1818181818182,1217.0,1066106317.0,52.883544921875,1175.111111111111,24.508333333333336,1019.325,68.75,0.0,,1.0,
2023-10-26 15:00:33-04:00,625.0,584.0,1462.0,15:00:33,1052.0,1462.0,1066106340.0,296.357177734375,1155.875,24.525,1019.7166666666667,69.91666666666667,9.416666666666666,,1.0,
2023-10-26 15:24:18-04:00,506.0,459.0,882.0,15:24:18,1051.7777777777778,882.0,1066106364.0,285.23291015625,1170.4285714285713,24.525,1019.7166666666667,69.91666666666667,9.416666666666666,,1.0,
2023-10-27 10:06:12-04:00,330.0,296.0,1369.0,10:06:12,1092.375,1369.0,1066107486.0,130.924072265625,1285.8,25.741666666666664,1019.5916666666667,67.58333333333333,0.4166666666666667,,1.0,
2023-10-27 10:52:55-04:00,385.0,351.0,1468.0,10:52:55,1128.3,1468.0,1066107532.0,227.164794921875,1285.8,25.741666666666664,1019.5916666666667,67.58333333333333,0.4166666666666667,,1.0,
2023-10-27 11:16:17-04:00,604.0,551.0,1514.0,11:16:17,1139.909090909091,1514.0,1066107556.0,271.72998046875,1280.8333333333333,25.616666666666664,1019.2416666666667,63.66666666666666,0.25,,1.0,
2023-10-27 11:39:39-04:00,652.0,602.0,1144.0,11:39:39,1150.25,1144.0,1066107579.0,99.642333984375,1278.4285714285713,25.616666666666664,1019.2416666666667,63.66666666666666,0.25,,1.0,
2023-10-27 12:03:02-04:00,726.0,724.0,934.0,12:03:02,1197.5384615384614,934.0,1066107603.0,311.0712890625,1278.4285714285713,25.266666666666666,1019.0583333333334,66.0,0.16666666666666666,,1.0,
2023-10-27 13:59:56-04:00,572.0,555.0,1256.0,13:59:56,1180.923076923077,1256.0,1066107719.0,4.066162109375,1223.7142857142858,25.508333333333336,1019.3833333333333,68.83333333333333,0.16666666666666666,,1.0,
2023-10-27 14:23:19-04:00,552.0,516.0,1264.0,14:23:19,1153.1666666666667,1264.0,1066107743.0,10.655517578125,1175.3333333333333,25.441666666666666,1019.8666666666667,69.91666666666667,0.16666666666666666,,1.0,
2023-10-27 15:33:27-04:00,475.0,426.0,1206.0,15:33:27,1230.7777777777778,1206.0,1066107813.0,51.44140625,1243.5,25.241666666666664,1020.0833333333336,71.75,13.166666666666664,,1.0,
2023-10-27 15:56:49-04:00,383.0,337.0,1248.0,15:56:49,1275.5,1248.0,1066107836.0,10.78173828125,1243.5,25.241666666666664,1020.0833333333336,71.75,13.166666666666664,,1.0,
2023-10-28 10:15:04-04:00,188.0,145.0,1556.0,10:15:04,1300.625,1556.0,1066108935.0,236.50830078125,1351.5714285714287,25.68333333333333,1018.7166666666667,73.33333333333333,0.08333333333333333,,1.0,
2023-10-28 10:38:26-04:00,490.0,460.0,1225.0,10:38:26,1323.6666666666667,1225.0,1066108958.0,95.6923828125,1371.125,25.68333333333333,1018.7166666666667,73.33333333333333,0.08333333333333333,,1.0,
2023-10-28 11:01:47-04:00,504.0,469.0,1153.0,11:01:47,1352.2,1153.0,1066108981.0,168.89013671875,1397.5555555555557,25.641666666666666,1018.3416666666667,72.41666666666667,0.0,,1.0,
2023-10-28 11:49:26-04:00,576.0,548.0,1623.0,11:49:26,1358.8333333333333,1623.0,1066109029.0,298.61865234375,1396.5454545454545,25.641666666666666,1018.3416666666667,72.41666666666667,0.0,,1.0,
2023-10-28 12:12:48-04:00,572.0,595.0,1606.0,12:12:48,1365.923076923077,1606.0,1066109052.0,280.429931640625,1401.0833333333333,25.54166666666667,1018.1916666666667,73.91666666666667,0.08333333333333333,,1.0,
2023-10-28 12:36:11-04:00,649.0,614.0,1048.0,12:36:11,1342.857142857143,1048.0,1066109076.0,278.8076171875,1373.5384615384614,25.54166666666667,1018.1916666666667,73.91666666666667,0.08333333333333333,,1.0,
2023-10-28 12:59:33-04:00,230.0,191.0,1250.0,12:59:33,1333.2666666666667,1250.0,1066109099.0,77.9912109375,1361.0714285714287,25.54166666666667,1018.1916666666667,73.91666666666667,0.08333333333333333,,1.0,
2023-10-28 13:22:56-04:00,752.0,699.0,1508.0,13:22:56,1317.357142857143,1508.0,1066109122.0,178.82861328125,1346.076923076923,25.55833333333333,1018.4083333333333,73.25,0.0,,1.0,
2023-10-28 13:46:18-04:00,602.0,589.0,1609.0,13:46:18,1324.4615384615386,1609.0,1066109146.0,278.599853515625,1356.1666666666667,25.55833333333333,1018.4083333333333,73.25,0.0,,1.0,
2023-10-28 14:09:41-04:00,569.0,542.0,1503.0,14:09:41,1338.75,1503.0,1066109169.0,171.42529296875,1374.6363636363637,25.57500000000001,1018.6083333333332,73.0,0.16666666666666666,,1.0,
2023-10-28 14:33:04-04:00,563.0,541.0,1281.0,14:33:04,1374.6363636363637,1281.0,1066109193.0,51.79736328125,1374.6363636363637,25.57500000000001,1018.6083333333332,73.0,0.16666666666666666,,1.0,
2023-10-28 14:56:26-04:00,501.0,461.0,1451.0,14:56:26,1349.8,1451.0,1066109216.0,117.034423828125,1349.8,25.57500000000001,1018.6083333333332,73.0,0.16666666666666666,,1.0,
2023-10-28 15:19:49-04:00,463.0,422.0,1043.0,15:19:49,1321.3333333333333,1043.0,1066109239.0,292.131591796875,1321.3333333333333,25.54166666666667,1019.1083333333332,73.5,10.916666666666664,,1.0,
2023-10-28 15:43:11-04:00,392.0,350.0,1199.0,15:43:11,1355.5,1199.0,1066109263.0,137.344970703125,1355.5,25.54166666666667,1019.1083333333332,73.5,10.916666666666664,,1.0,
2023-10-29 10:00:20-04:00,174.0,130.0,1116.0,10:00:20,1334.5,1116.0,1066110360.0,272.48388671875,1253.5714285714287,25.72727272727273,1017.1090909090907,72.9090909090909,0.0,,1.0,
2023-10-29 10:23:41-04:00,418.0,367.0,1306.0,10:23:41,1355.111111111111,1306.0,1066110383.0,83.507080078125,1286.875,25.72727272727273,1017.1090909090907,72.9090909090909,0.0,,1.0,
2023-10-29 10:47:03-04:00,182.0,139.0,1401.0,10:47:03,1332.0,1401.0,1066110407.0,10.427490234375,1268.7777777777778,25.72727272727273,1017.1090909090907,72.9090909090909,0.0,,1.0,
2023-10-29 11:10:25-04:00,519.0,484.0,1226.0,11:10:25,1318.7272727272727,1226.0,1066110430.0,165.58984375,1260.5,25.7,1016.65,73.5,0.0,,1.0,
2023-10-29 11:33:47-04:00,546.0,459.0,1285.0,11:33:47,1316.8333333333333,1285.0,1066110453.0,107.604736328125,1263.7272727272727,25.7,1016.65,73.5,0.0,,1.0,
2023-10-29 12:20:42-04:00,690.0,659.0,1107.0,12:20:42,1328.4285714285713,1107.0,1066110500.0,287.669677734375,1284.3846153846155,25.57500000000001,1016.45,72.25,0.0,,1.0,
2023-10-29 12:44:05-04:00,608.0,561.0,1334.0,12:44:05,1335.8666666666666,1334.0,1066110524.0,61.71923828125,1295.5,25.57500000000001,1016.45,72.25,0.0,,1.0,
2023-10-29 13:07:27-04:00,628.0,571.0,1520.0,13:07:27,1366.6666666666667,1520.0,1066110547.0,123.277587890625,1328.5,25.508333333333336,1016.625,72.75,0.0,,1.0,
2023-10-29 13:30:58-04:00,581.0,538.0,1124.0,13:30:58,1371.0,1124.0,1066110570.0,273.72265625,1330.2307692307693,25.508333333333336,1016.625,72.75,0.0,,1.0,
2023-10-29 13:54:20-04:00,267.0,209.0,1186.0,13:54:20,1368.6923076923076,1186.0,1066110594.0,212.76318359375,1324.3333333333333,25.508333333333336,1016.625,72.75,0.0,,1.0,
2023-10-29 14:17:43-04:00,195.0,154.0,1296.0,14:17:43,1380.5833333333333,1296.0,1066110617.0,103.757568359375,1333.2727272727273,25.41666666666667,1016.8583333333332,73.66666666666667,0.08333333333333333,,1.0,
2023-10-29 14:41:06-04:00,320.0,247.0,1435.0,14:41:06,1389.2727272727273,1435.0,1066110641.0,34.2080078125,1338.1,25.41666666666667,1016.8583333333332,73.66666666666667,0.08333333333333333,,1.0,
2023-10-29 15:04:28-04:00,469.0,435.0,1361.0,15:04:28,1338.1,1361.0,1066110664.0,40.78076171875,1338.1,25.5,1017.2916666666664,73.58333333333333,10.25,,1.0,
2023-10-29 15:27:51-04:00,456.0,416.0,1440.0,15:27:51,1363.7777777777778,1440.0,1066110687.0,37.2333984375,1363.7777777777778,25.5,1017.2916666666664,73.58333333333333,10.25,,1.0,
2023-10-29 15:51:13-04:00,395.0,332.0,1578.0,15:51:13,1367.5,1578.0,1066110711.0,174.2080078125,1367.5,25.5,1017.2916666666664,73.58333333333333,10.25,,1.0,
2023-10-30 10:08:40-04:00,130.0,94.0,1163.0,10:08:40,1416.125,1163.0,1066111808.0,284.33935546875,1416.125,25.65833333333333,1014.825,73.83333333333333,0.08333333333333333,,1.0,
2023-10-30 10:32:01-04:00,234.0,187.0,1302.0,10:32:01,1422.4444444444443,1302.0,1066111832.0,146.21923828125,1422.4444444444443,25.65833333333333,1014.825,73.83333333333333,0.08333333333333333,,1.0,
2023-10-30 10:55:23-04:00,271.0,228.0,1408.0,10:55:23,1411.0,1408.0,1066111855.0,41.06005859375,1411.0,25.65833333333333,1014.825,73.83333333333333,0.08333333333333333,,1.0,
2023-10-30 11:18:45-04:00,271.0,231.0,1379.0,11:18:45,1398.4545454545455,1379.0,1066111878.0,70.8974609375,1398.4545454545455,25.54545454545455,1013.9545454545456,74.81818181818181,0.0,,1.0,
2023-10-30 11:42:08-04:00,283.0,228.0,1439.0,11:42:08,1386.75,1439.0,1066111902.0,11.768310546875,1386.75,25.54545454545455,1013.9545454545456,74.81818181818181,0.0,,1.0,
2023-10-30 12:05:31-04:00,361.0,313.0,1236.0,12:05:31,1405.2307692307693,1236.0,1066111925.0,215.60009765625,1405.2307692307693,25.475,1013.65,74.83333333333333,0.0,,1.0,
2023-10-30 12:28:54-04:00,561.0,503.0,1731.0,12:28:54,1434.642857142857,1731.0,1066111948.0,278.5712890625,1405.2307692307693,25.475,1013.65,74.83333333333333,0.0,,1.0,
2023-10-30 12:52:17-04:00,579.0,541.0,1671.0,12:52:17,1429.1333333333334,1671.0,1066111972.0,217.70947265625,1401.4285714285713,25.475,1013.65,74.83333333333333,0.0,,1.0,
2023-10-30 13:15:40-04:00,484.0,408.0,1473.0,13:15:40,1476.2,1473.0,1066111995.0,18.886474609375,1419.7692307692307,25.30833333333333,1013.5166666666668,75.33333333333333,0.0,,1.0,
2023-10-30 13:39:03-04:00,357.0,316.0,1308.0,13:39:03,1488.642857142857,1308.0,1066112019.0,146.96923828125,1429.5833333333333,25.30833333333333,1013.5166666666668,75.33333333333333,0.0,,1.0,
2023-10-30 14:02:26-04:00,325.0,288.0,1273.0,14:02:26,1494.8461538461538,1273.0,1066112042.0,182.786376953125,1431.5454545454545,25.191666666666666,1013.4333333333334,75.91666666666667,0.08333333333333333,,1.0,
2023-10-30 14:25:49-04:00,294.0,234.0,1258.0,14:25:49,1504.5,1258.0,1066112065.0,198.600830078125,1436.8,25.191666666666666,1013.4333333333334,75.91666666666667,0.08333333333333333,,1.0,
2023-10-30 14:49:13-04:00,592.0,542.0,1627.0,14:49:13,1510.4545454545455,1627.0,1066112089.0,169.552734375,1436.5555555555557,25.191666666666666,1013.4333333333334,75.91666666666667,0.08333333333333333,,1.0,
2023-10-30 15:36:00-04:00,448.0,390.0,1352.0,15:36:00,1516.4444444444443,1352.0,1066112136.0,107.09619140625,1423.142857142857,25.23333333333333,1013.6583333333333,76.41666666666667,7.25,,1.0,
2023-10-31 10:00:03-04:00,302.0,274.0,1251.0,10:00:03,1470.0,1251.0,1066113240.0,243.39208984375,1470.0,25.066666666666666,1010.7583333333333,80.83333333333333,0.9166666666666666,,1.0,
2023-10-31 10:23:57-04:00,375.0,334.0,1527.0,10:23:57,1464.7777777777778,1527.0,1066113263.0,31.942626953125,1464.7777777777778,25.066666666666666,1010.7583333333333,80.83333333333333,0.9166666666666666,,1.0,
2023-10-31 10:47:53-04:00,214.0,158.0,1456.0,10:47:53,1458.2,1456.0,1066113287.0,39.74853515625,1458.2,25.066666666666666,1010.7583333333333,80.83333333333333,0.9166666666666666,,1.0,
2023-10-31 11:12:05-04:00,525.0,449.0,1214.0,11:12:05,1472.0,1214.0,1066113312.0,282.465087890625,1472.0,24.133333333333336,1010.375,82.91666666666667,0.0,,1.0,
2023-10-31 11:35:58-04:00,584.0,543.0,1689.0,11:35:58,1490.5,1689.0,1066113335.0,191.87890625,1490.5,24.133333333333336,1010.375,82.91666666666667,0.0,,1.0,
2023-10-31 11:59:29-04:00,172.0,136.0,1487.0,11:59:29,1499.4615384615386,1487.0,1066113359.0,10.80322265625,1499.4615384615386,24.133333333333336,1010.375,82.91666666666667,0.0,,1.0,
2023-10-31 12:23:07-04:00,648.0,603.0,1787.0,12:23:07,1506.0,1787.0,1066113383.0,288.518310546875,1506.0,23.03333333333333,1010.15,85.5,0.0,,1.0,
2023-10-31 12:46:52-04:00,263.0,229.0,1349.0,12:46:52,1538.4666666666667,1349.0,1066113406.0,150.129150390625,1506.0,23.03333333333333,1010.15,85.5,0.0,,1.0,
2023-10-31 13:10:36-04:00,356.0,304.0,1423.0,13:10:36,1571.3333333333333,1423.0,1066113430.0,76.8017578125,1541.2142857142858,22.39090909090909,1010.3363636363637,87.27272727272727,0.0,,1.0,
2023-10-31 13:34:07-04:00,628.0,578.0,1399.0,13:34:07,1574.5,1399.0,1066113454.0,101.471435546875,1542.3076923076924,22.39090909090909,1010.3363636363637,87.27272727272727,0.0,,1.0,
2023-10-31 13:57:31-04:00,237.0,189.0,1610.0,13:57:31,1583.6153846153845,1610.0,1066113477.0,108.89013671875,1549.5,22.39090909090909,1010.3363636363637,87.27272727272727,0.0,,1.0,
2023-10-31 14:20:54-04:00,159.0,109.0,1694.0,14:20:54,1614.4166666666667,1694.0,1066113500.0,192.25439453125,1580.0,22.316666666666666,1010.725,87.75,0.0,,1.0,
2023-10-31 14:44:17-04:00,397.0,347.0,1607.0,14:44:17,1607.6363636363637,1607.0,1066113524.0,104.59423828125,1569.1,22.316666666666666,1010.725,87.75,0.0,,1.0,
2023-10-31 15:08:14-04:00,471.0,401.0,1591.0,15:08:14,1619.7,1591.0,1066113548.0,87.93701171875,1578.2222222222222,22.2,1011.2333333333332,87.75,8.666666666666666,,1.0,
2023-10-31 15:55:00-04:00,428.0,379.0,1744.0,15:55:00,1632.625,1744.0,1066113595.0,239.658935546875,1581.142857142857,22.2,1011.2333333333332,87.75,8.666666666666666,,1.0,
2023-11-01 10:34:18-04:00,142.0,102.0,1548.0,10:34:18,1554.4285714285713,1548.0,1066114714.0,16.7587890625,1620.0,20.116666666666667,1011.5166666666668,89.0,0.0,,1.0,
2023-11-01 11:45:10-04:00,205.0,162.0,1442.0,11:45:10,1494.9,1442.0,1066114785.0,90.719482421875,1532.0,19.741666666666667,1011.4416666666666,89.83333333333331,0.0,,1.0,
2023-11-01 12:07:42-04:00,166.0,120.0,1617.0,12:07:42,1478.5454545454545,1617.0,1066114807.0,83.828125,1510.3,19.55,1011.5333333333333,90.5,0.0,,1.0,
2023-11-01 12:31:03-04:00,683.0,633.0,1815.0,12:31:03,1479.6666666666667,1815.0,1066114831.0,281.33740234375,1508.6363636363637,19.55,1011.5333333333333,90.5,0.0,,1.0,
2023-11-01 12:54:25-04:00,258.0,194.0,1665.0,12:54:25,1472.3076923076924,1665.0,1066114854.0,130.869873046875,1498.25,19.55,1011.5333333333333,90.5,0.0,,1.0,
2023-11-01 13:17:46-04:00,258.0,218.0,1633.0,13:17:46,1498.25,1633.0,1066114877.0,98.405517578125,1498.25,19.575,1011.7833333333333,90.41666666666669,0.0,,1.0,
2023-11-01 13:41:07-04:00,419.0,383.0,1488.0,13:41:07,1493.7272727272727,1488.0,1066114901.0,47.076171875,1493.7272727272727,19.575,1011.7833333333333,90.41666666666669,0.0,,1.0,
2023-11-01 14:04:28-04:00,154.0,121.0,1298.0,14:04:28,1493.7272727272727,1298.0,1066114924.0,237.53466796875,1493.7272727272727,19.727272727272727,1012.5636363636363,88.18181818181819,0.0,,1.0,
2023-11-01 14:27:49-04:00,132.0,96.0,1282.0,14:27:49,1493.7272727272727,1282.0,1066114947.0,253.990478515625,1493.7272727272727,19.727272727272727,1012.5636363636363,88.18181818181819,0.0,,1.0,
2023-11-01 14:51:10-04:00,151.0,113.0,1315.0,14:51:10,1498.9,1315.0,1066114971.0,221.462890625,1498.9,19.727272727272727,1012.5636363636363,88.18181818181819,0.0,,1.0,
2023-11-01 15:14:31-04:00,205.0,167.0,1492.0,15:14:31,1485.7777777777778,1492.0,1066114994.0,44.912841796875,1485.7777777777778,19.85,1013.3333333333336,89.16666666666669,6.333333333333332,,1.0,
2023-11-01 15:37:52-04:00,144.0,114.0,1384.0,15:37:52,1444.625,1384.0,1066115017.0,153.359619140625,1444.625,19.85,1013.3333333333336,89.16666666666669,6.333333333333332,,1.0,
2023-11-02 10:00:00-04:00,,,,,,,,,,,,,,-24.8,,harvest
2023-11-02 10:44:54-04:00,302.0,267.0,1054.0,10:44:54,1096.7777777777778,1054.0,1066116164.0,114.35986328125,1054.5714285714287,21.54166666666667,1020.0916666666667,68.25,0.0,,1.0,
2023-11-02 11:08:14-04:00,517.0,480.0,907.0,11:08:14,1107.7,907.0,1066116188.0,262.0234375,1073.5,21.475,1020.1166666666667,68.58333333333333,0.0,,1.0,
2023-11-02 11:31:35-04:00,555.0,535.0,877.0,11:31:35,1110.090909090909,877.0,1066116211.0,292.6650390625,1080.2222222222222,21.475,1020.1166666666667,68.58333333333333,0.0,,1.0,
2023-11-02 11:55:02-04:00,574.0,526.0,1056.0,11:55:02,1107.4166666666667,1056.0,1066116235.0,114.33984375,1080.0,21.475,1020.1166666666667,68.58333333333333,0.0,,1.0,
2023-11-02 12:41:44-04:00,649.0,570.0,1061.0,12:41:44,1149.642857142857,1061.0,1066116281.0,110.65283203125,1133.8333333333333,21.5,1020.1833333333334,68.25,0.0,,1.0,
2023-11-02 13:05:06-04:00,648.0,596.0,1370.0,13:05:06,1158.1333333333334,1370.0,1066116305.0,197.65283203125,1144.8461538461538,21.38333333333333,1020.4583333333336,68.41666666666667,0.0,,1.0,
2023-11-02 13:28:27-04:00,616.0,585.0,1057.0,13:28:27,1181.4285714285713,1057.0,1066116328.0,116.0185546875,1144.8461538461538,21.38333333333333,1020.4583333333336,68.41666666666667,0.0,,1.0,
2023-11-02 13:51:49-04:00,605.0,560.0,1206.0,13:51:49,1191.2307692307693,1206.0,1066116351.0,32.3046875,1152.4166666666667,21.38333333333333,1020.4583333333336,68.41666666666667,0.0,,1.0,
2023-11-02 14:15:10-04:00,597.0,561.0,1134.0,14:15:10,1214.9166666666667,1134.0,1066116375.0,40.40771484375,1174.7272727272727,21.45833333333333,1020.8916666666668,68.58333333333333,0.0,,1.0,
2023-11-02 14:38:32-04:00,566.0,554.0,1078.0,14:38:32,1245.6363636363637,1078.0,1066116398.0,97.0966796875,1204.5,21.45833333333333,1020.8916666666668,68.58333333333333,0.0,,1.0,
2023-11-02 15:01:54-04:00,560.0,531.0,1365.0,15:01:54,1264.6,1365.0,1066116421.0,189.20849609375,1221.0,21.775,1021.575,67.33333333333333,4.333333333333333,,1.0,
2023-11-02 15:25:15-04:00,468.0,420.0,1441.0,15:25:15,1221.0,1441.0,1066116445.0,264.4775390625,1221.0,21.775,1021.575,67.33333333333333,4.333333333333333,,1.0,
2023-11-02 15:48:36-04:00,139.0,104.0,1277.0,15:48:36,1241.0,1277.0,1066116468.0,99.7705078125,1241.0,21.775,1021.575,67.33333333333333,4.333333333333333,,1.0,
2023-11-03 10:06:15-04:00,380.0,341.0,992.0,10:06:15,1020.375,992.0,1066117566.0,225.74951171875,1065.0,23.441666666666666,1021.8416666666667,67.83333333333333,0.0,,1.0,
2023-11-03 10:29:35-04:00,395.0,359.0,1361.0,10:29:35,1033.4444444444443,1361.0,1066117589.0,142.25927734375,1079.6,23.441666666666666,1021.8416666666667,67.83333333333333,0.0,,1.0,
2023-11-03 11:16:17-04:00,511.0,490.0,931.0,11:16:17,1030.6363636363637,931.0,1066117636.0,289.78369140625,1062.0,23.21666666666667,1021.1583333333333,70.08333333333333,0.0,,1.0,
2023-11-03 12:49:43-04:00,633.0,612.0,976.0,12:49:43,1101.8,976.0,1066117729.0,248.89794921875,1147.6363636363637,23.35,1020.8416666666667,70.5,0.25,,1.0,
2023-11-03 13:13:05-04:00,605.0,555.0,1138.0,13:13:05,1111.2666666666667,1138.0,1066117753.0,87.97509765625,1160.5454545454545,23.68333333333333,1020.8666666666667,68.25,0.0,,1.0,
2023-11-03 13:36:27-04:00,630.0,605.0,1094.0,13:36:27,1093.4285714285713,1094.0,1066117776.0,133.013671875,1140.5,23.68333333333333,1020.8666666666667,68.25,0.0,,1.0,
2023-11-03 13:59:49-04:00,619.0,600.0,942.0,13:59:49,1114.6153846153845,942.0,1066117799.0,286.0576171875,1140.5,23.68333333333333,1020.8666666666667,68.25,0.0,,1.0,
2023-11-03 14:23:11-04:00,545.0,541.0,909.0,14:23:11,1129.9166666666667,909.0,1066117823.0,320.15380859375,1163.7777777777778,23.65833333333333,1020.9333333333334,67.75,0.08333333333333333,,1.0,
2023-11-03 14:46:33-04:00,560.0,532.0,1225.0,14:46:33,1172.0,1225.0,1066117846.0,5.2099609375,1163.7777777777778,23.65833333333333,1020.9333333333334,67.75,0.08333333333333333,,1.0,
2023-11-03 15:09:55-04:00,422.0,394.0,1526.0,15:09:55,1215.0,1526.0,1066117869.0,294.728515625,1163.7777777777778,23.91666666666667,1021.2666666666668,67.91666666666667,10.833333333333336,,1.0,
2023-11-03 15:33:17-04:00,146.0,112.0,1530.0,15:33:17,1163.7777777777778,1530.0,1066117893.0,297.6142578125,1163.7777777777778,23.91666666666667,1021.2666666666668,67.91666666666667,10.833333333333336,,1.0,
2023-11-03 15:56:39-04:00,377.0,340.0,1134.0,15:56:39,1187.25,1134.0,1066117916.0,99.45947265625,1187.25,23.91666666666667,1021.2666666666668,67.91666666666667,10.833333333333336,,1.0,
2023-11-04 10:14:41-04:00,208.0,179.0,1235.0,10:14:41,1121.5,1235.0,1066119014.0,56.50830078125,1194.1666666666667,24.08333333333333,1018.8666666666667,71.25,0.0,,1.0,
2023-11-04 10:38:02-04:00,166.0,135.0,1135.0,10:38:02,1090.7777777777778,1135.0,1066119038.0,157.92626953125,1194.1666666666667,24.08333333333333,1018.8666666666667,71.25,0.0,,1.0,
2023-11-04 11:01:22-04:00,322.0,283.0,1093.0,11:01:22,1140.7,1093.0,1066119061.0,201.2900390625,1250.7142857142858,23.95833333333333,1018.2666666666668,73.0,0.4166666666666667,,1.0,
2023-11-04 11:25:01-04:00,230.0,183.0,996.0,11:25:01,1154.5454545454545,996.0,1066119085.0,299.7197265625,1256.0,23.95833333333333,1018.2666666666668,73.0,0.4166666666666667,,1.0,
2023-11-04 11:48:22-04:00,245.0,215.0,1304.0,11:48:22,1155.75,1304.0,1066119108.0,6.90380859375,1246.3333333333333,23.95833333333333,1018.2666666666668,73.0,0.4166666666666667,,1.0,
2023-11-04 12:58:27-04:00,582.0,517.0,1402.0,12:58:27,1208.0,1402.0,1066119178.0,100.68017578125,1289.0,21.65,1017.9083333333333,76.25,0.16666666666666666,,1.0,
2023-11-04 13:45:12-04:00,525.0,498.0,1590.0,13:45:12,1211.5384615384614,1590.0,1066119225.0,285.8134765625,1309.8,19.75,1018.0833333333336,82.08333333333333,0.0,,1.0,
2023-11-04 14:08:34-04:00,524.0,477.0,1293.0,14:08:34,1221.4166666666667,1293.0,1066119248.0,12.59814453125,1333.888888888889,19.5,1018.4583333333336,85.25,0.08333333333333333,,1.0,
2023-11-04 14:31:56-04:00,540.0,508.0,1169.0,14:31:56,1241.909090909091,1169.0,1066119271.0,138.015625,1376.125,19.5,1018.4583333333336,85.25,0.08333333333333333,,1.0,
2023-11-04 14:55:18-04:00,509.0,470.0,1465.0,14:55:18,1235.7,1465.0,1066119295.0,156.4990234375,1386.4285714285713,19.5,1018.4583333333336,85.25,0.08333333333333333,,1.0,
2023-11-04 15:18:41-04:00,341.0,297.0,1248.0,15:18:41,1279.5555555555557,1248.0,1066119318.0,61.9296875,1386.4285714285713,19.766666666666666,1018.65,86.0,4.0,,1.0,
2023-11-04 15:42:11-04:00,387.0,362.0,1538.0,15:42:11,1318.75,1538.0,1066119342.0,226.572265625,1386.4285714285713,19.766666666666666,1018.65,86.0,4.0,,1.0,
2023-11-05 10:08:30-05:00,479.0,461.0,1669.0,10:08:30,1403.375,1669.0,1066120448.0,281.6630859375,1398.6666666666667,21.773913043478263,1016.0391304347827,86.69565217391305,0.0,,1.0,
2023-11-05 10:31:51-05:00,496.0,459.0,1187.0,10:31:51,1442.111111111111,1187.0,1066120471.0,202.05859375,1398.6666666666667,21.773913043478263,1016.0391304347827,86.69565217391305,0.0,,1.0,
2023-11-05 10:55:13-05:00,537.0,485.0,1152.0,10:55:13,1434.5,1152.0,1066120495.0,238.861328125,1394.0,21.773913043478263,1016.0391304347827,86.69565217391305,0.0,,1.0,
2023-11-05 11:18:35-05:00,562.0,540.0,1187.0,11:18:35,1413.0,1187.0,1066120518.0,205.5947265625,1369.5,21.75,1015.85,86.5,0.0,,1.0,
2023-11-05 11:41:57-05:00,647.0,573.0,1612.0,11:41:57,1401.8333333333333,1612.0,1066120541.0,217.66552734375,1359.4444444444443,21.75,1015.85,86.5,0.0,,1.0,
2023-11-05 12:05:19-05:00,545.0,506.0,1585.0,12:05:19,1381.2307692307693,1585.0,1066120565.0,188.84423828125,1336.9,21.7,1015.3272727272728,86.27272727272727,0.0,,1.0,
2023-11-05 13:38:47-05:00,471.0,426.0,1366.0,13:38:47,1368.857142857143,1366.0,1066120658.0,37.2734375,1325.1818181818182,19.816666666666666,1015.1333333333333,88.08333333333331,0.0,,1.0,
2023-11-05 14:02:08-05:00,477.0,427.0,1198.0,14:02:08,1385.5384615384614,1198.0,1066120682.0,207.12548828125,1342.5,19.05,1015.1166666666667,89.5,0.0,,1.0,
2023-11-05 14:25:30-05:00,451.0,424.0,1279.0,14:25:30,1402.0833333333333,1279.0,1066120705.0,127.90625,1359.7777777777778,19.05,1015.1166666666667,89.5,0.0,,1.0,
2023-11-05 14:48:52-05:00,368.0,342.0,1134.0,14:48:52,1383.0,1134.0,1066120728.0,274.69384765625,1328.25,19.05,1015.1166666666667,89.5,0.0,,1.0,
2023-11-05 15:12:13-05:00,179.0,138.0,1464.0,15:12:13,1362.8,1464.0,1066120752.0,53.435546875,1291.5714285714287,18.8,1015.475,90.0,0.0,,1.0,
2023-11-05 15:35:33-05:00,177.0,128.0,1278.0,15:35:33,1400.7777777777778,1278.0,1066120775.0,134.36279296875,1291.5714285714287,18.8,1015.475,90.0,0.0,,1.0,
2023-11-05 15:58:54-05:00,149.0,100.0,1322.0,15:58:54,1349.125,1322.0,1066120798.0,92.16748046875,1291.5714285714287,18.8,1015.475,90.0,0.0,,1.0,
2023-11-06 10:38:02-05:00,542.0,477.0,1405.0,10:38:02,1696.888888888889,1405.0,1066121918.0,104.1025390625,1462.2,16.175,1016.5166666666668,75.5,0.25,,1.0,
2023-11-06 11:24:46-05:00,555.0,514.0,1416.0,11:24:46,1671.0,1416.0,1066121964.0,97.29736328125,1488.5714285714287,16.2,1016.2,75.25,0.16666666666666666,,1.0,
2023-11-06 11:48:08-05:00,684.0,577.0,1388.0,11:48:08,1658.8333333333333,1388.0,1066121988.0,127.49560546875,1493.125,16.2,1016.2,75.25,0.16666666666666666,,1.0,
2023-11-06 12:34:53-05:00,633.0,569.0,1542.0,12:34:53,1654.0714285714287,1542.0,1066122034.0,22.27392578125,1519.6,15.95,1015.7416666666667,75.91666666666667,0.08333333333333333,,1.0,
2023-11-06 13:21:57-05:00,550.0,508.0,1560.0,13:21:57,1625.357142857143,1560.0,1066122081.0,35.92822265625,1524.4545454545455,15.566666666666668,1015.4333333333334,77.66666666666667,0.08333333333333333,,1.0,
2023-11-06 13:45:20-05:00,513.0,483.0,1557.0,13:45:20,1642.3076923076924,1557.0,1066122105.0,30.69970703125,1536.4,15.566666666666668,1015.4333333333334,77.66666666666667,0.08333333333333333,,1.0,
2023-11-06 14:08:43-05:00,420.0,375.0,1552.0,14:08:43,1621.0833333333333,1552.0,1066122128.0,23.55712890625,1536.4,15.733333333333334,1015.7166666666667,77.33333333333333,0.16666666666666666,,1.0,
2023-11-06 14:32:05-05:00,442.0,396.0,1525.0,14:32:05,1639.7272727272727,1525.0,1066122152.0,5.68408203125,1549.7777777777778,15.733333333333334,1015.7166666666667,77.33333333333333,0.16666666666666666,,1.0,
2023-11-06 14:55:28-05:00,350.0,326.0,1768.0,14:55:28,1664.9,1768.0,1066122175.0,235.16162109375,1570.0,15.733333333333334,1015.7166666666667,77.33333333333333,0.16666666666666666,,1.0,
2023-11-06 15:18:50-05:00,292.0,253.0,1483.0,15:18:50,1641.111111111111,1483.0,1066122198.0,51.99755859375,1570.0,15.636363636363635,1016.0636363636363,76.9090909090909,0.0,,1.0,
2023-11-06 15:42:12-05:00,221.0,180.0,1573.0,15:42:12,1653.5,1573.0,1066122222.0,35.7431640625,1574.0,15.636363636363635,1016.0636363636363,76.9090909090909,0.0,,1.0,
2023-11-07 10:22:06-05:00,525.0,482.0,1846.0,10:22:06,1773.125,1846.0,1066123342.0,196.2236328125,1645.6666666666667,20.341666666666665,1016.7916666666664,86.58333333333331,0.0,,1.0,
2023-11-07 11:08:51-05:00,555.0,532.0,1733.0,11:08:51,1766.1,1733.0,1066123388.0,78.30712890625,1668.75,20.175,1016.4416666666666,88.25,0.0,,1.0,
2023-11-07 11:32:14-05:00,570.0,507.0,1702.0,11:32:14,1780.909090909091,1702.0,1066123412.0,44.73291015625,1697.6666666666667,20.175,1016.4416666666666,88.25,0.0,,1.0,
2023-11-07 11:55:37-05:00,584.0,545.0,1751.0,11:55:37,1795.1666666666667,1751.0,1066123435.0,91.25927734375,1723.1,20.175,1016.4416666666666,88.25,0.0,,1.0,
2023-11-07 12:42:23-05:00,640.0,543.0,1384.0,12:42:23,1799.857142857143,1384.0,1066123482.0,280.8134765625,1740.5833333333333,20.516666666666666,1016.2833333333333,89.25,0.0,,1.0,
2023-11-07 13:05:46-05:00,610.0,566.0,1458.0,13:05:46,1764.1333333333334,1458.0,1066123505.0,209.30419921875,1740.5833333333333,20.641666666666676,1016.2166666666667,90.0,0.0,,1.0,
2023-11-07 13:29:31-05:00,522.0,475.0,1840.0,13:29:31,1758.2857142857142,1840.0,1066123529.0,170.09033203125,1731.0,20.641666666666676,1016.2166666666667,90.0,0.0,,1.0,
2023-11-07 13:53:03-05:00,453.0,423.0,1636.0,13:53:03,1725.3846153846155,1636.0,1066123553.0,36.521484375,1731.0,20.641666666666676,1016.2166666666667,90.0,0.0,,1.0,
2023-11-07 14:16:25-05:00,378.0,335.0,1929.0,14:16:25,1724.75,1929.0,1066123576.0,253.96923828125,1730.8,20.491666666666667,1016.475,90.25,0.0,,1.0,
2023-11-07 14:39:47-05:00,370.0,333.0,1952.0,14:39:47,1726.8181818181818,1952.0,1066123599.0,274.4541015625,1734.0,20.491666666666667,1016.475,90.25,0.0,,1.0,
2023-11-07 15:03:09-05:00,309.0,270.0,1790.0,15:03:09,1724.4,1790.0,1066123623.0,109.82373046875,1731.875,20.516666666666666,1016.7333333333332,91.0,0.0,,1.0,
2023-11-07 15:26:31-05:00,275.0,216.0,1866.0,15:26:31,1679.888888888889,1866.0,1066123646.0,183.296875,1731.875,20.516666666666666,1016.7333333333332,91.0,0.0,,1.0,
2023-11-08 10:07:29-05:00,475.0,392.0,1584.0,10:07:29,1749.375,1584.0,1066124767.0,228.927734375,1873.0,20.5,1017.3916666666668,89.83333333333331,0.6666666666666666,,1.0,
2023-11-08 10:54:12-05:00,536.0,485.0,1696.0,10:54:12,1745.9,1696.0,1066124814.0,122.6904296875,1837.75,20.5,1017.3916666666668,89.83333333333331,0.6666666666666666,,1.0,
2023-11-08 11:17:34-05:00,572.0,511.0,1764.0,11:17:34,1753.0,1764.0,1066124837.0,57.51904296875,1836.2222222222222,20.066666666666666,1017.125,90.0,0.5833333333333334,,1.0,
2023-11-08 11:40:57-05:00,570.0,536.0,2116.0,11:40:57,1746.75,2116.0,1066124860.0,291.64599609375,1820.4,20.066666666666666,1017.125,90.0,0.5833333333333334,,1.0,
2023-11-08 12:04:20-05:00,568.0,505.0,2079.0,12:04:20,1730.5384615384614,2079.0,1066124884.0,251.681640625,1794.5454545454545,19.716666666666665,1016.7916666666664,90.5,0.5833333333333334,,1.0,
2023-11-08 12:51:05-05:00,557.0,512.0,1999.0,12:51:05,1685.1333333333334,1999.0,1066124931.0,165.85888671875,1781.9166666666667,19.716666666666665,1016.7916666666664,90.5,0.5833333333333334,,1.0,
2023-11-08 13:14:28-05:00,499.0,457.0,1670.0,13:14:28,1698.6,1670.0,1066124954.0,166.0,1798.75,19.7,1016.7916666666664,90.83333333333331,0.25,,1.0,
2023-11-08 13:37:51-05:00,508.0,461.0,1794.0,13:37:51,1724.2142857142858,1794.0,1066124977.0,44.8642578125,1798.75,19.7,1016.7916666666664,90.83333333333331,0.25,,1.0,
2023-11-08 14:01:14-05:00,319.0,263.0,1824.0,14:01:14,1726.3846153846155,1824.0,1066125001.0,17.859375,1808.090909090909,20.125,1017.0833333333336,90.25,0.0,,1.0,
2023-11-08 14:24:36-05:00,420.0,375.0,1678.0,14:24:36,1723.25,1678.0,1066125024.0,166.7353515625,1812.5,20.125,1017.0833333333336,90.25,0.0,,1.0,
2023-11-08 14:47:57-05:00,235.0,168.0,1536.0,14:47:57,1687.5454545454545,1536.0,1066125047.0,311.6171875,1778.7777777777778,20.125,1017.0833333333336,90.25,0.0,,1.0,
2023-11-08 15:34:40-05:00,143.0,95.0,1643.0,15:34:40,1674.111111111111,1643.0,1066125094.0,210.525390625,1741.25,19.8,1017.65,89.66666666666669,0.25,,1.0,
2023-11-08 15:58:01-05:00,235.0,174.0,1786.0,15:58:01,1633.5,1786.0,1066125118.0,70.55126953125,1704.4285714285713,19.8,1017.65,89.66666666666669,0.25,,1.0,
2023-11-09 10:00:00-05:00,,,,,,,,,,,,,,-27.8,,harvest
2023-11-09 10:36:41-05:00,509.0,460.0,1307.0,10:36:41,1414.2222222222222,1307.0,1066126236.0,127.12109375,1239.8333333333333,23.7,1017.6916666666666,77.58333333333333,0.6666666666666666,,1.0,
2023-11-09 11:00:03-05:00,562.0,522.0,1265.0,11:00:03,1389.7,1265.0,1066126260.0,83.30712890625,1229.7142857142858,22.475,1017.2583333333333,81.08333333333333,0.5,,1.0,
2023-11-09 11:23:26-05:00,561.0,532.0,1426.0,11:23:26,1368.090909090909,1426.0,1066126283.0,242.57373046875,1220.0,22.475,1017.2583333333333,81.08333333333333,0.5,,1.0,
2023-11-09 11:46:48-05:00,547.0,526.0,1358.0,11:46:48,1357.3333333333333,1358.0,1066126306.0,172.84521484375,1222.111111111111,22.475,1017.2583333333333,81.08333333333333,0.5,,1.0,
2023-11-09 12:10:11-05:00,607.0,583.0,1082.0,12:10:11,1357.3333333333333,1082.0,1066126330.0,104.95361328125,1222.111111111111,20.566666666666666,1016.8916666666664,85.41666666666667,0.5,,1.0,
2023-11-09 13:20:19-05:00,637.0,541.0,1001.0,13:20:19,1314.6153846153845,1001.0,1066126400.0,191.1689453125,1240.4545454545455,19.616666666666667,1016.8583333333332,87.41666666666669,0.4166666666666667,,1.0,
2023-11-09 13:43:54-05:00,568.0,523.0,1169.0,13:43:54,1315.25,1169.0,1066126423.0,24.8720703125,1233.8,19.616666666666667,1016.8583333333332,87.41666666666669,0.4166666666666667,,1.0,
2023-11-09 14:07:30-05:00,239.0,206.0,1152.0,14:07:30,1319.8181818181818,1152.0,1066126447.0,43.64453125,1230.3333333333333,19.025,1017.1916666666666,89.16666666666669,0.5833333333333334,,1.0,
2023-11-09 14:30:56-05:00,220.0,183.0,1239.0,14:30:56,1309.2,1239.0,1066126470.0,41.662109375,1205.875,19.025,1017.1916666666666,89.16666666666669,0.5833333333333334,,1.0,
2023-11-09 15:17:40-05:00,109.0,79.0,1277.0,15:17:40,1331.5,1277.0,1066126517.0,76.21728515625,1201.1666666666667,18.866666666666667,1017.55,89.41666666666669,0.75,,1.0,
2023-11-09 15:41:01-05:00,106.0,70.0,1369.0,15:41:01,1290.142857142857,1369.0,1066126541.0,166.46533203125,1201.1666666666667,18.866666666666667,1017.55,89.41666666666669,0.75,,1.0,
2023-11-10 10:21:34-05:00,473.0,444.0,1331.0,10:21:34,1188.625,1331.0,1066127661.0,52.72021484375,1284.0,24.98333333333333,1017.5166666666668,79.66666666666667,0.16666666666666666,,1.0,
2023-11-10 10:44:57-05:00,513.0,465.0,1388.0,10:44:57,1185.888888888889,1388.0,1066127684.0,108.28759765625,1266.857142857143,24.98333333333333,1017.5166666666668,79.66666666666667,0.16666666666666666,,1.0,
2023-11-10 11:31:42-05:00,116.0,87.0,986.0,11:31:42,1218.1818181818182,986.0,1066127731.0,296.625,1288.3333333333333,24.383333333333336,1017.15,81.75,0.5833333333333334,,1.0,
2023-11-10 11:55:04-05:00,693.0,659.0,1393.0,11:55:04,1219.8333333333333,1393.0,1066127755.0,108.8955078125,1283.3,24.383333333333336,1017.15,81.75,0.5833333333333334,,1.0,
2023-11-10 12:18:27-05:00,679.0,602.0,1373.0,12:18:27,1249.8461538461538,1373.0,1066127778.0,87.48291015625,1313.0,23.66666666666667,1016.8,83.41666666666667,0.8333333333333334,,1.0,
2023-11-10 13:05:13-05:00,577.0,539.0,1233.0,13:05:13,1238.4666666666667,1233.0,1066127825.0,55.38818359375,1290.1538461538462,22.383333333333336,1016.875,86.58333333333331,0.3333333333333333,,1.0,
2023-11-10 13:28:27-05:00,511.0,448.0,1164.0,13:28:27,1231.857142857143,1164.0,1066127848.0,125.7861328125,1286.75,22.383333333333336,1016.875,86.58333333333331,0.3333333333333333,,1.0,
2023-11-10 13:51:50-05:00,418.0,364.0,1289.0,13:51:50,1219.8461538461538,1289.0,1066127871.0,2.1787109375,1277.5454545454545,22.383333333333336,1016.875,86.58333333333331,0.3333333333333333,,1.0,
2023-11-10 14:15:12-05:00,438.0,391.0,1438.0,14:15:12,1242.3333333333333,1438.0,1066127895.0,145.37353515625,1277.5454545454545,21.941666666666666,1017.1416666666668,88.25,0.4166666666666667,,1.0,
2023-11-10 14:38:35-05:00,427.0,325.0,1238.0,14:38:35,1265.6363636363637,1238.0,1066127918.0,56.00927734375,1306.7,21.941666666666666,1017.1416666666668,88.25,0.4166666666666667,,1.0,
2023-11-10 15:01:58-05:00,316.0,286.0,1610.0,15:01:58,1252.9,1610.0,1066127941.0,314.61279296875,1297.111111111111,22.141666666666666,1017.5416666666664,89.33333333333331,0.08333333333333333,,1.0,
2023-11-10 15:25:20-05:00,241.0,226.0,1218.0,15:25:20,1239.5555555555557,1218.0,1066127965.0,78.8193359375,1287.625,22.141666666666666,1017.5416666666664,89.33333333333331,0.08333333333333333,,1.0,
2023-11-10 15:48:42-05:00,140.0,102.0,1111.0,15:48:42,1287.625,1111.0,1066127988.0,187.18701171875,1287.625,22.141666666666666,1017.5416666666664,89.33333333333331,0.08333333333333333,,1.0,
2023-11-11 10:29:51-05:00,552.0,512.0,1283.0,10:29:51,1421.5555555555557,1283.0,1066129109.0,75.853515625,1297.4285714285713,23.84166666666667,1018.2,89.16666666666669,0.9166666666666666,,1.0,
2023-11-11 11:16:29-05:00,607.0,567.0,1661.0,11:16:29,1433.5454545454545,1661.0,1066129156.0,299.859375,1339.6666666666667,23.775,1017.95,88.91666666666669,0.16666666666666666,,1.0,
2023-11-11 11:39:52-05:00,125.0,102.0,1149.0,11:39:52,1423.3333333333333,1149.0,1066129179.0,213.2529296875,1336.8,23.775,1017.95,88.91666666666669,0.16666666666666666,,1.0,
2023-11-11 12:03:14-05:00,132.0,93.0,1356.0,12:03:14,1419.1538461538462,1356.0,1066129203.0,7.40771484375,1339.7272727272727,23.525,1017.6916666666666,89.16666666666669,0.08333333333333333,,1.0,
2023-11-11 12:26:36-05:00,110.0,81.0,1148.0,12:26:36,1419.1538461538462,1148.0,1066129226.0,216.509765625,1339.7272727272727,23.525,1017.6916666666666,89.16666666666669,0.08333333333333333,,1.0,
2023-11-11 12:49:58-05:00,133.0,100.0,1337.0,12:49:58,1395.0714285714287,1337.0,1066129249.0,28.6064453125,1318.25,23.525,1017.6916666666666,89.16666666666669,0.08333333333333333,,1.0,
2023-11-11 13:13:20-05:00,157.0,132.0,1148.0,13:13:20,1356.3846153846155,1148.0,1066129273.0,218.74560546875,1318.25,23.09166666666667,1017.575,89.16666666666669,0.25,,1.0,
2023-11-11 13:36:42-05:00,526.0,477.0,1409.0,13:36:42,1362.5,1409.0,1066129296.0,41.16796875,1321.4545454545455,23.09166666666667,1017.575,89.16666666666669,0.25,,1.0,
2023-11-11 14:00:05-05:00,456.0,420.0,1566.0,14:00:05,1321.4545454545455,1566.0,1066129320.0,197.03857421875,1321.4545454545455,22.65,1017.6666666666664,90.33333333333331,0.5,,1.0,
2023-11-11 14:26:10-05:00,451.0,385.0,1311.0,14:26:10,1287.5,1311.0,1066129346.0,59.177734375,1287.5,22.65,1017.6666666666664,90.33333333333331,0.5,,1.0,
2023-11-11 14:47:11-05:00,373.0,334.0,1369.0,14:47:11,1302.888888888889,1369.0,1066129367.0,2.15625,1302.888888888889,22.65,1017.6666666666664,90.33333333333331,0.5,,1.0,
2023-11-11 15:33:55-05:00,52.0,31.0,1082.0,15:33:55,1317.4285714285713,1082.0,1066129413.0,291.28369140625,1317.4285714285713,22.616666666666664,1018.0833333333336,91.75,0.16666666666666666,,1.0,
2023-11-12 10:16:39-05:00,392.0,364.0,1265.0,10:16:39,1316.0,1265.0,1066130536.0,154.111328125,1354.857142857143,24.275,1019.925,84.08333333333333,0.25,,1.0,
2023-11-12 11:03:24-05:00,230.0,182.0,1159.0,11:03:24,1314.3,1159.0,1066130583.0,261.7724609375,1344.3333333333333,,,,,,1.0,
2023-11-12 11:26:47-05:00,394.0,357.0,1613.0,11:26:47,1329.909090909091,1613.0,1066130606.0,191.42138671875,1358.5,,,,,,1.0,
2023-11-12 11:50:09-05:00,321.0,280.0,1485.0,11:50:09,1315.9166666666667,1485.0,1066130630.0,62.58642578125,1340.6363636363637,,,,,,1.0,
2023-11-12 12:13:31-05:00,228.0,192.0,1290.0,12:13:31,1346.5384615384614,1290.0,1066130653.0,133.208984375,1371.75,22.85833333333333,1019.225,87.66666666666669,0.08333333333333333,,1.0,
2023-11-12 12:36:52-05:00,317.0,274.0,1149.0,12:36:52,1341.0,1149.0,1066130676.0,274.9990234375,1363.8461538461538,22.85833333333333,1019.225,87.66666666666669,0.08333333333333333,,1.0,
2023-11-12 13:00:15-05:00,187.0,161.0,1523.0,13:00:15,1330.4,1523.0,1066130700.0,98.18115234375,1350.857142857143,,,,,,1.0,
2023-11-12 13:23:37-05:00,527.0,480.0,1250.0,13:23:37,1335.0714285714287,1250.0,1066130723.0,175.59912109375,1357.4615384615386,,,,,,1.0,
2023-11-12 13:47:00-05:00,526.0,478.0,1365.0,13:47:00,1357.4615384615386,1365.0,1066130747.0,61.408203125,1357.4615384615386,,,,,,1.0,
2023-11-12 14:10:24-05:00,315.0,247.0,1486.0,14:10:24,1374.0,1486.0,1066130770.0,58.82177734375,1374.0,22.34166666666667,1018.85,89.25,0.0,,1.0,
2023-11-12 14:33:46-05:00,247.0,207.0,1162.0,14:33:46,1352.2727272727273,1162.0,1066130793.0,265.94384765625,1352.2727272727273,22.34166666666667,1018.85,89.25,0.0,,1.0,
2023-11-12 14:57:16-05:00,343.0,292.0,1714.0,14:57:16,1339.0,1714.0,1066130817.0,285.26318359375,1339.0,22.34166666666667,1018.85,89.25,0.0,,1.0,
2023-11-12 15:20:38-05:00,159.0,112.0,1269.0,15:20:38,1344.4444444444443,1269.0,1066130840.0,160.49267578125,1344.4444444444443,22.491666666666664,1019.1916666666666,89.91666666666669,0.0,,1.0,
2023-11-12 15:44:00-05:00,74.0,37.0,1182.0,15:44:00,1368.875,1182.0,1066130864.0,248.275390625,1368.875,22.491666666666664,1019.1916666666666,89.91666666666669,0.0,,1.0,
2023-11-13 10:02:00-05:00,471.0,403.0,1759.0,10:02:00,1656.5,1759.0,1066131962.0,298.6611328125,1576.6666666666667,23.33333333333333,1020.425,88.58333333333331,0.08333333333333333,,1.0,
2023-11-13 10:25:21-05:00,495.0,438.0,1592.0,10:25:21,1643.4444444444443,1592.0,1066131985.0,131.15185546875,1571.2857142857142,23.33333333333333,1020.425,88.58333333333331,0.08333333333333333,,1.0,
2023-11-13 11:35:42-05:00,558.0,496.0,1602.0,11:35:42,1655.0833333333333,1602.0,1066132055.0,139.6318359375,1606.9,23.05,1020.025,90.25,0.0,,1.0,
2023-11-13 11:59:04-05:00,624.0,561.0,1401.0,11:59:04,1639.6923076923076,1401.0,1066132079.0,61.87939453125,1593.090909090909,23.05,1020.025,90.25,0.0,,1.0,
2023-11-13 12:22:17-05:00,599.0,546.0,1730.0,12:22:17,1622.5,1730.0,1066132102.0,266.63671875,1576.9166666666667,22.75,1019.65,90.08333333333331,0.0,,1.0,
2023-11-13 12:45:40-05:00,166.0,137.0,1376.0,12:45:40,1583.3333333333333,1376.0,1066132125.0,87.8427734375,1576.9166666666667,22.75,1019.65,90.08333333333331,0.0,,1.0,
2023-11-13 13:09:01-05:00,557.0,518.0,1539.0,13:09:01,1555.0,1539.0,1066132149.0,74.66259765625,1541.5,22.766666666666666,1019.2666666666668,90.75,0.0,,1.0,
2023-11-13 13:32:23-05:00,532.0,453.0,1732.0,13:32:23,1552.357142857143,1732.0,1066132172.0,267.193359375,1536.909090909091,22.766666666666666,1019.2666666666668,90.75,0.0,,1.0,
2023-11-13 13:55:45-05:00,465.0,411.0,1740.0,13:55:45,1518.0,1740.0,1066132195.0,274.72900390625,1536.909090909091,22.766666666666666,1019.2666666666668,90.75,0.0,,1.0,
2023-11-13 14:19:07-05:00,173.0,115.0,1598.0,14:19:07,1495.0833333333333,1598.0,1066132219.0,132.24951171875,1536.909090909091,22.566666666666666,1019.15,90.66666666666669,0.0,,1.0,
2023-11-13 14:42:29-05:00,143.0,93.0,1455.0,14:42:29,1485.3636363636363,1455.0,1066132242.0,11.20458984375,1530.4,22.566666666666666,1019.15,90.66666666666669,0.0,,1.0,
2023-11-13 15:05:40-05:00,211.0,176.0,1399.0,15:05:40,1493.8,1399.0,1066132265.0,67.654296875,1544.7777777777778,22.59166666666667,1019.2333333333332,91.16666666666669,0.0,,1.0,
2023-11-13 15:52:21-05:00,143.0,88.0,1334.0,15:52:21,1479.0,1334.0,1066132312.0,133.556640625,1542.4285714285713,22.59166666666667,1019.2333333333332,91.16666666666669,0.0,,1.0,
2023-11-14 10:32:36-05:00,100.0,71.0,1218.0,10:32:36,1477.0,1218.0,1066133432.0,264.9697265625,1374.3333333333333,25.475,1018.7166666666667,79.08333333333333,0.75,,1.0,
2023-11-14 10:55:57-05:00,174.0,129.0,1274.0,10:55:57,1444.625,1274.0,1066133455.0,209.16357421875,1352.0,25.475,1018.7166666666667,79.08333333333333,0.75,,1.0,
2023-11-14 11:42:37-05:00,152.0,98.0,1184.0,11:42:37,1389.6,1184.0,1066133502.0,299.54443359375,1331.5,25.475,1018.3166666666666,78.5,0.4166666666666667,,1.0,
2023-11-14 12:30:09-05:00,114.0,78.0,1571.0,12:30:09,1423.6666666666667,1571.0,1066133550.0,87.087890625,1326.0,25.375,1017.6,79.83333333333333,0.0,,1.0,
2023-11-14 12:54:28-05:00,103.0,67.0,1231.0,12:54:28,1436.4615384615386,1231.0,1066133574.0,253.08740234375,1352.4,25.375,1017.6,79.83333333333333,0.0,,1.0,
2023-11-14 13:17:38-05:00,95.0,50.0,1768.0,13:17:38,1381.75,1768.0,1066133597.0,283.7490234375,1352.4,25.29166666666667,1017.325,81.0,0.0,,1.0,
2023-11-14 13:40:07-05:00,84.0,42.0,1218.0,13:40:07,1396.6363636363637,1218.0,1066133620.0,266.4091796875,1367.3333333333333,25.29166666666667,1017.325,81.0,0.0,,1.0,
2023-11-14 14:26:45-05:00,128.0,75.0,1188.0,14:26:45,1408.9,1188.0,1066133666.0,296.7109375,1379.0,25.03333333333333,1017.325,82.66666666666667,1.0,,1.0,
2023-11-14 15:13:24-05:00,120.0,77.0,1282.0,15:13:24,1433.888888888889,1282.0,1066133713.0,202.99951171875,1406.857142857143,25.3,1017.3916666666664,82.0,0.5833333333333334,,1.0,
2023-11-14 15:36:43-05:00,104.0,49.0,1590.0,15:36:43,1416.75,1590.0,1066133736.0,104.86669921875,1379.5,25.3,1017.3916666666664,82.0,0.5833333333333334,,1.0,
2023-11-15 10:17:43-05:00,82.0,33.0,1279.0,10:17:43,1440.2,1279.0,1066134857.0,206.65380859375,1440.2,25.133333333333336,1018.4416666666666,70.41666666666667,0.0,,1.0,
2023-11-15 11:27:41-05:00,83.0,18.0,1641.0,11:27:41,1494.875,1641.0,1066134927.0,155.7021484375,1494.875,25.22727272727273,1018.1090909090907,68.45454545454545,0.0,,1.0,
2023-11-15 11:51:01-05:00,79.0,39.0,1493.0,11:51:01,1524.2222222222222,1493.0,1066134951.0,7.83544921875,1524.2222222222222,25.22727272727273,1018.1090909090907,68.45454545454545,0.0,,1.0,
2023-11-15 12:37:38-05:00,119.0,66.0,1490.0,12:37:38,1505.4545454545455,1490.0,1066134997.0,5.1044921875,1505.4545454545455,25.15,1017.725,69.33333333333333,0.0,,1.0,
2023-11-15 13:00:57-05:00,102.0,62.0,1298.0,13:00:57,1508.0833333333333,1298.0,1066135020.0,186.75341796875,1508.0833333333333,25.04166666666667,1017.6333333333333,70.25,0.0,,1.0,
2023-11-15 13:25:06-05:00,78.0,21.0,1488.0,13:25:06,1528.909090909091,1488.0,1066135045.0,3.4072265625,1528.909090909091,25.04166666666667,1017.6333333333333,70.25,0.0,,1.0,
2023-11-15 13:48:25-05:00,96.0,45.0,1529.0,13:48:25,1528.909090909091,1529.0,1066135068.0,44.55908203125,1528.909090909091,25.04166666666667,1017.6333333333333,70.25,0.0,,1.0,
2023-11-15 14:10:53-05:00,79.0,41.0,1741.0,14:10:53,1528.909090909091,1741.0,1066135090.0,256.7099609375,1528.909090909091,24.891666666666666,1017.3416666666667,71.66666666666667,0.0,,1.0,
2023-11-15 14:35:02-05:00,102.0,55.0,1759.0,14:35:02,1517.7,1759.0,1066135115.0,274.88623046875,1517.7,24.891666666666666,1017.3416666666667,71.66666666666667,0.0,,1.0,
2023-11-15 14:59:22-05:00,101.0,45.0,1520.0,14:59:22,1520.4444444444443,1520.0,1066135139.0,36.0615234375,1520.4444444444443,24.891666666666666,1017.3416666666667,71.66666666666667,0.0,,1.0,
2023-11-15 15:22:41-05:00,84.0,38.0,1322.0,15:22:41,1520.4444444444443,1322.0,1066135162.0,161.76611328125,1520.4444444444443,24.891666666666666,1017.875,71.58333333333333,0.0,,1.0,
2023-11-15 15:44:58-05:00,70.0,23.0,1537.0,15:44:58,1524.25,1537.0,1066135184.0,53.404296875,1524.25,24.891666666666666,1017.875,71.58333333333333,0.0,,1.0,
2023-11-16 10:00:00-05:00,,,,,,,,,,,,,,-47.61,,empty
