dates,on,off,g_val,times,avg,delta,int_dates,avg_clean,Temp,Pressure,Humidity,Solar_radiation,harvest,tank,status_harvest
2023-06-29 10:00:00-04:00,,,,,,,,,,,,,22.11,,restock
2023-06-29 12:21:56-04:00,249.0,224.0,1250.0,12:21:56,1030.857142857143,1250.0,1065934821.0,1030.857142857143,23.97272727272728,1012.8454545454545,89.18181818181819,0.2727272727272727,,6.0,
2023-06-29 12:45:23-04:00,260.0,261.0,1041.0,12:45:23,1032.6666666666667,1041.0,1065934845.0,1032.6666666666667,23.97272727272728,1012.8454545454545,89.18181818181819,0.2727272727272727,,6.0,
2023-06-29 13:08:51-04:00,295.0,262.0,1137.0,13:08:51,1062.7333333333333,1137.0,1065934868.0,1062.7333333333333,24.066666666666666,1013.0416666666664,90.0,0.3333333333333333,,6.0,
2023-06-29 13:32:19-04:00,302.0,272.0,1265.0,13:32:19,1084.2857142857142,1265.0,1065934892.0,1084.2857142857142,24.066666666666666,1013.0416666666664,90.0,0.3333333333333333,,6.0,
2023-06-29 13:55:48-04:00,353.0,301.0,1137.0,13:55:48,1127.6923076923076,1137.0,1065934915.0,1127.6923076923076,24.066666666666666,1013.0416666666664,90.0,0.3333333333333333,,6.0,
2023-06-29 14:19:16-04:00,352.0,323.0,1131.0,14:19:16,1141.25,1131.0,1065934939.0,1141.25,24.35833333333333,1013.0583333333334,90.0,12.083333333333336,,6.0,
2023-06-29 14:42:45-04:00,378.0,308.0,1203.0,14:42:45,1144.1818181818182,1203.0,1065934962.0,1144.1818181818182,24.35833333333333,1013.0583333333334,90.0,12.083333333333336,,6.0,
2023-06-29 15:06:14-04:00,261.0,238.0,787.0,15:06:14,1119.6,787.0,1065934986.0,1119.6,25.84166666666667,1013.8666666666667,87.08333333333331,140.75,,6.0,
2023-06-29 15:29:43-04:00,271.0,232.0,1058.0,15:29:43,1105.111111111111,1058.0,1065935009.0,1105.111111111111,25.84166666666667,1013.8666666666667,87.08333333333331,140.75,,6.0,
2023-06-29 15:53:11-04:00,342.0,285.0,1187.0,15:53:11,1113.125,1187.0,1065935033.0,1113.125,25.84166666666667,1013.8666666666667,87.08333333333331,140.75,,6.0,
2023-06-30 10:12:20-04:00,227.0,202.0,865.0,10:12:20,1091.5,865.0,1065936132.0,1091.5,28.116666666666664,1014.425,82.41666666666667,0.25,,6.0,
2023-06-30 10:35:46-04:00,221.0,197.0,858.0,10:35:46,1168.0,858.0,1065936155.0,1168.0,28.116666666666664,1014.425,82.41666666666667,0.25,,6.0,
2023-06-30 10:59:13-04:00,253.0,225.0,931.0,10:59:13,1158.2,931.0,1065936179.0,1158.2,28.116666666666664,1014.425,82.41666666666667,0.25,,6.0,
2023-06-30 11:22:40-04:00,283.0,281.0,1146.0,11:22:40,1163.909090909091,1146.0,1065936202.0,1163.909090909091,28.05,1013.6583333333333,81.41666666666667,0.3333333333333333,,6.0,
2023-06-30 11:46:08-04:00,288.0,257.0,1047.0,11:46:08,1198.6666666666667,1047.0,1065936226.0,1198.6666666666667,28.05,1013.6583333333333,81.41666666666667,0.3333333333333333,,6.0,
2023-06-30 12:09:36-04:00,281.0,243.0,1351.0,12:09:36,1170.4615384615386,1351.0,1065936249.0,1170.4615384615386,28.1,1013.575,80.08333333333333,0.08333333333333333,,6.0,
2023-06-30 12:33:04-04:00,249.0,228.0,1374.0,12:33:04,1166.2142857142858,1374.0,1065936273.0,1166.2142857142858,28.1,1013.575,80.08333333333333,0.08333333333333333,,6.0,
2023-06-30 12:56:32-04:00,175.0,137.0,1160.0,12:56:32,1186.2,1160.0,1065936296.0,1186.2,28.1,1013.575,80.08333333333333,0.08333333333333333,,6.0,
2023-06-30 13:20:00-04:00,393.0,331.0,1780.0,13:20:00,1209.142857142857,1780.0,1065936320.0,1209.142857142857,27.963636363636365,1014.0636363636363,80.72727272727273,0.09090909090909093,,6.0,
2023-06-30 13:43:29-04:00,331.0,291.0,1070.0,13:43:29,1236.1538461538462,1070.0,1065936343.0,1236.1538461538462,27.963636363636365,1014.0636363636363,80.72727272727273,0.09090909090909093,,6.0,
2023-06-30 14:06:57-04:00,357.0,296.0,1221.0,14:06:57,1261.5833333333333,1221.0,1065936366.0,1261.5833333333333,27.75,1014.1333333333333,80.41666666666667,10.083333333333334,,6.0,
2023-06-30 14:30:25-04:00,341.0,267.0,1581.0,14:30:25,1272.090909090909,1581.0,1065936390.0,1272.090909090909,27.75,1014.1333333333333,80.41666666666667,10.083333333333334,,6.0,
2023-06-30 14:53:53-04:00,300.0,256.0,832.0,14:53:53,1294.6,832.0,1065936413.0,1294.6,27.75,1014.1333333333333,80.41666666666667,10.083333333333334,,6.0,
2023-06-30 15:17:21-04:00,299.0,254.0,1111.0,15:17:21,1288.3333333333333,1111.0,1065936437.0,1288.3333333333333,28.59166666666667,1014.6166666666667,78.25,120.0,,6.0,
2023-06-30 15:40:50-04:00,281.0,240.0,1466.0,15:40:50,1277.625,1466.0,1065936460.0,1277.625,28.59166666666667,1014.6166666666667,78.25,120.0,,6.0,
2023-07-01 10:00:05-04:00,197.0,171.0,999.0,10:00:05,1261.25,999.0,1065937560.0,1261.25,28.008333333333336,1014.6833333333334,78.75,0.25,,6.0,
2023-07-01 10:23:31-04:00,255.0,221.0,1083.0,10:23:31,1269.888888888889,1083.0,1065937583.0,1269.888888888889,28.008333333333336,1014.6833333333334,78.75,0.25,,6.0,
2023-07-01 10:46:57-04:00,263.0,225.0,1263.0,10:46:57,1290.3,1263.0,1065937606.0,1290.3,28.008333333333336,1014.6833333333334,78.75,0.25,,6.0,
2023-07-01 11:10:24-04:00,283.0,247.0,1005.0,11:10:24,1325.5454545454545,1005.0,1065937630.0,1325.5454545454545,27.525,1014.15,79.83333333333333,0.3333333333333333,,6.0,
2023-07-01 11:33:52-04:00,325.0,277.0,1415.0,11:33:52,1327.0,1415.0,1065937653.0,1327.0,27.525,1014.15,79.83333333333333,0.3333333333333333,,6.0,
2023-07-01 11:57:20-04:00,358.0,275.0,1185.0,11:57:20,1378.2307692307693,1185.0,1065937677.0,1378.2307692307693,27.525,1014.15,79.83333333333333,0.3333333333333333,,6.0,
2023-07-01 12:20:48-04:00,359.0,303.0,1268.0,12:20:48,1377.0,1268.0,1065937700.0,1377.0,26.266666666666666,1014.1,82.08333333333333,0.3333333333333333,,6.0,
2023-07-01 12:44:16-04:00,285.0,251.0,1872.0,12:44:16,1366.0666666666666,1872.0,1065937724.0,1366.0666666666666,26.266666666666666,1014.1,82.08333333333333,0.3333333333333333,,6.0,
2023-07-01 13:07:44-04:00,353.0,300.0,1339.0,13:07:44,1400.9333333333334,1339.0,1065937747.0,1400.9333333333334,25.04166666666667,1014.275,85.0,1.0,,6.0,
2023-07-01 13:31:31-04:00,322.0,274.0,1474.0,13:31:31,1423.642857142857,1474.0,1065937771.0,1423.642857142857,25.04166666666667,1014.275,85.0,1.0,,6.0,
2023-07-01 13:55:08-04:00,324.0,279.0,1678.0,13:55:08,1436.0,1678.0,1065937795.0,1436.0,25.04166666666667,1014.275,85.0,1.0,,6.0,
2023-07-01 14:18:36-04:00,327.0,277.0,1343.0,14:18:36,1471.9166666666667,1343.0,1065937818.0,1471.9166666666667,24.181818181818183,1014.5090909090907,88.9090909090909,12.272727272727273,,6.0,
2023-07-01 14:42:04-04:00,358.0,310.0,1993.0,14:42:04,1477.090909090909,1993.0,1065937842.0,1477.090909090909,24.181818181818183,1014.5090909090907,88.9090909090909,12.272727272727273,,6.0,
2023-07-01 15:05:32-04:00,299.0,259.0,1361.0,15:05:32,1506.3,1361.0,1065937865.0,1506.3,25.941666666666666,1015.2916666666664,85.25,139.5,,6.0,
2023-07-01 15:28:59-04:00,309.0,263.0,1213.0,15:28:59,1532.7777777777778,1213.0,1065937888.0,1532.7777777777778,25.941666666666666,1015.2916666666664,85.25,139.5,,6.0,
2023-07-01 15:52:27-04:00,328.0,270.0,1522.0,15:52:27,1490.375,1522.0,1065937912.0,1490.375,25.941666666666666,1015.2916666666664,85.25,139.5,,6.0,
2023-07-02 10:11:54-04:00,272.0,242.0,932.0,10:11:54,1343.0,932.0,1065939011.0,1343.0,27.6,1015.2,84.08333333333333,1.0,,6.0,
2023-07-02 10:35:22-04:00,298.0,253.0,1155.0,10:35:22,1361.5555555555557,1155.0,1065939035.0,1361.5555555555557,27.6,1015.2,84.08333333333333,1.0,,6.0,
2023-07-02 10:58:50-04:00,354.0,298.0,1478.0,10:58:50,1412.1,1478.0,1065939058.0,1412.1,27.6,1015.2,84.08333333333333,1.0,,6.0,
2023-07-02 11:22:18-04:00,343.0,316.0,1952.0,11:22:18,1440.0,1952.0,1065939082.0,1440.0,27.258333333333336,1015.0666666666666,85.08333333333333,0.9166666666666666,,6.0,
2023-07-02 11:45:47-04:00,351.0,301.0,1349.0,11:45:47,1449.0833333333333,1349.0,1065939105.0,1449.0833333333333,27.258333333333336,1015.0666666666666,85.08333333333333,0.9166666666666666,,6.0,
2023-07-02 12:09:16-04:00,94.0,77.0,1109.0,12:09:16,1452.2307692307693,1109.0,1065939129.0,1452.2307692307693,25.96666666666667,1015.0583333333334,87.5,0.16666666666666666,,6.0,
2023-07-02 12:32:45-04:00,301.0,264.0,1532.0,12:32:45,1452.5,1532.0,1065939152.0,1452.5,25.96666666666667,1015.0583333333334,87.5,0.16666666666666666,,6.0,
2023-07-02 12:56:14-04:00,359.0,312.0,1237.0,12:56:14,1445.1333333333334,1237.0,1065939176.0,1445.1333333333334,25.96666666666667,1015.0583333333334,87.5,0.16666666666666666,,6.0,
2023-07-02 13:19:43-04:00,356.0,314.0,1510.0,13:19:43,1481.7857142857142,1510.0,1065939199.0,1481.7857142857142,24.96666666666667,1014.9416666666666,89.91666666666669,0.0,,6.0,
2023-07-02 13:43:12-04:00,344.0,303.0,1867.0,13:43:12,1506.923076923077,1867.0,1065939223.0,1506.923076923077,24.96666666666667,1014.9416666666666,89.91666666666669,0.0,,6.0,
2023-07-02 14:06:41-04:00,399.0,359.0,1719.0,14:06:41,1509.3333333333333,1719.0,1065939246.0,1509.3333333333333,24.875,1015.175,90.0,11.416666666666664,,6.0,
2023-07-02 14:30:10-04:00,294.0,257.0,1549.0,14:30:10,1469.090909090909,1549.0,1065939270.0,1469.090909090909,24.875,1015.175,90.0,11.416666666666664,,6.0,
2023-07-02 14:53:39-04:00,358.0,308.0,1490.0,14:53:39,1481.1,1490.0,1065939293.0,1481.1,24.875,1015.175,90.0,11.416666666666664,,6.0,
2023-07-02 15:17:07-04:00,322.0,289.0,1456.0,15:17:07,1522.4444444444443,1456.0,1065939317.0,1522.4444444444443,26.641666666666666,1015.5083333333333,86.25,118.41666666666669,,6.0,
2023-07-02 15:40:36-04:00,377.0,300.0,1342.0,15:40:36,1521.25,1342.0,1065939340.0,1521.25,26.641666666666666,1015.5083333333333,86.25,118.41666666666669,,6.0,
2023-07-03 10:00:02-04:00,275.0,235.0,1582.0,10:00:02,1416.25,1582.0,1065940440.0,1416.25,25.766666666666666,1016.1333333333333,88.75,0.0,,6.0,
2023-07-03 10:23:28-04:00,273.0,236.0,1083.0,10:23:28,1426.6666666666667,1083.0,1065940463.0,1426.6666666666667,25.766666666666666,1016.1333333333333,88.75,0.0,,6.0,
2023-07-03 10:46:56-04:00,422.0,387.0,1435.0,10:46:56,1466.5,1435.0,1065940486.0,1466.5,25.766666666666666,1016.1333333333333,88.75,0.0,,6.0,
2023-07-03 11:10:24-04:00,329.0,276.0,1330.0,11:10:24,1509.8181818181818,1330.0,1065940510.0,1509.8181818181818,25.391666666666666,1015.7583333333333,88.83333333333331,0.0,,6.0,
2023-07-03 11:33:52-04:00,301.0,264.0,1265.0,11:33:52,1511.1666666666667,1265.0,1065940533.0,1511.1666666666667,25.391666666666666,1015.7583333333333,88.83333333333331,0.0,,6.0,
2023-07-03 11:57:21-04:00,492.0,385.0,2012.0,11:57:21,1532.076923076923,2012.0,1065940557.0,1532.076923076923,25.391666666666666,1015.7583333333333,88.83333333333331,0.0,,6.0,
2023-07-03 12:20:50-04:00,381.0,318.0,1942.0,12:20:50,1488.4285714285713,1942.0,1065940580.0,1488.4285714285713,24.96666666666667,1015.3833333333333,89.16666666666669,0.0,,6.0,
2023-07-03 12:44:11-04:00,202.0,165.0,681.0,12:44:11,1437.2666666666667,681.0,1065940604.0,1437.2666666666667,24.96666666666667,1015.3833333333333,89.16666666666669,0.0,,6.0,
2023-07-03 13:07:38-04:00,422.0,359.0,1510.0,13:07:38,1373.9333333333334,1510.0,1065940627.0,1373.9333333333334,24.616666666666664,1015.3916666666668,89.75,0.0,,6.0,
2023-07-03 13:31:05-04:00,383.0,333.0,1825.0,13:31:05,1394.7142857142858,1825.0,1065940651.0,1394.7142857142858,24.616666666666664,1015.3916666666668,89.75,0.0,,6.0,
2023-07-03 13:54:34-04:00,359.0,308.0,1943.0,13:54:34,1391.6153846153845,1943.0,1065940674.0,1391.6153846153845,24.616666666666664,1015.3916666666668,89.75,0.0,,6.0,
2023-07-03 14:18:02-04:00,349.0,314.0,1526.0,14:18:02,1396.75,1526.0,1065940698.0,1396.75,24.6,1015.9083333333333,89.41666666666669,15.5,,6.0,
2023-07-03 14:41:31-04:00,405.0,339.0,1783.0,14:41:31,1408.7272727272727,1783.0,1065940721.0,1408.7272727272727,24.6,1015.9083333333333,89.41666666666669,15.5,,6.0,
2023-07-03 15:05:00-04:00,174.0,142.0,921.0,15:05:00,1348.4,921.0,1065940745.0,1348.4,25.95833333333333,1016.575,86.66666666666669,145.58333333333334,,6.0,
2023-07-03 15:28:27-04:00,85.0,56.0,721.0,15:28:27,1282.4444444444443,721.0,1065940768.0,1282.4444444444443,25.95833333333333,1016.575,86.66666666666669,145.58333333333334,,6.0,
2023-07-03 15:51:51-04:00,76.0,45.0,632.0,15:51:51,1357.625,632.0,1065940791.0,1357.625,25.95833333333333,1016.575,86.66666666666669,145.58333333333334,,6.0,
2023-07-04 10:09:37-04:00,121.0,91.0,1001.0,10:09:37,1383.375,1001.0,1065941889.0,1383.375,25.975,1017.125,88.75,0.08333333333333333,,6.0,
2023-07-04 10:33:33-04:00,154.0,117.0,1155.0,10:33:33,1409.6666666666667,1155.0,1065941913.0,1409.6666666666667,25.975,1017.125,88.75,0.08333333333333333,,6.0,
2023-07-04 10:56:58-04:00,184.0,157.0,824.0,10:56:58,1457.7,824.0,1065941936.0,1457.7,25.975,1017.125,88.75,0.08333333333333333,,6.0,
2023-07-04 11:20:25-04:00,419.0,358.0,1888.0,11:20:25,1449.090909090909,1888.0,1065941960.0,1449.090909090909,25.816666666666666,1016.7166666666667,90.16666666666669,0.0,,6.0,
2023-07-04 11:43:53-04:00,380.0,291.0,1383.0,11:43:53,1472.6666666666667,1383.0,1065941983.0,1472.6666666666667,25.816666666666666,1016.7166666666667,90.16666666666669,0.0,,6.0,
2023-07-04 12:07:21-04:00,380.0,322.0,1769.0,12:07:21,1495.5384615384614,1769.0,1065942007.0,1495.5384615384614,25.49166666666667,1016.5583333333334,91.08333333333331,0.0,,6.0,
2023-07-04 12:30:50-04:00,378.0,365.0,1665.0,12:30:50,1507.7857142857142,1665.0,1065942030.0,1507.7857142857142,25.49166666666667,1016.5583333333334,91.08333333333331,0.0,,6.0,
2023-07-04 12:54:19-04:00,389.0,339.0,1382.0,12:54:19,1502.8,1382.0,1065942054.0,1502.8,25.49166666666667,1016.5583333333334,91.08333333333331,0.0,,6.0,
2023-07-04 13:17:48-04:00,381.0,346.0,1620.0,13:17:48,1538.642857142857,1620.0,1065942077.0,1538.642857142857,25.258333333333336,1016.6416666666668,91.66666666666669,0.0,,6.0,
2023-07-04 13:41:16-04:00,362.0,307.0,1890.0,13:41:16,1568.1538461538462,1890.0,1065942101.0,1568.1538461538462,25.258333333333336,1016.6416666666668,91.66666666666669,0.0,,6.0,
2023-07-04 14:04:45-04:00,397.0,328.0,1363.0,14:04:45,1630.1666666666667,1363.0,1065942124.0,1630.1666666666667,25.175,1017.0666666666666,90.91666666666669,7.583333333333332,,6.0,
2023-07-04 14:28:13-04:00,415.0,349.0,1732.0,14:28:13,1606.7272727272727,1732.0,1065942148.0,1606.7272727272727,25.175,1017.0666666666666,90.91666666666669,7.583333333333332,,6.0,
2023-07-04 14:51:42-04:00,344.0,302.0,1770.0,14:51:42,1629.1,1770.0,1065942171.0,1629.1,25.175,1017.0666666666666,90.91666666666669,7.583333333333332,,6.0,
2023-07-04 15:15:11-04:00,374.0,319.0,1667.0,15:15:11,1613.5555555555557,1667.0,1065942195.0,1613.5555555555557,25.85,1017.7,89.41666666666669,117.75,,6.0,
2023-07-04 15:38:39-04:00,317.0,264.0,1433.0,15:38:39,1607.125,1433.0,1065942218.0,1607.125,25.85,1017.7,89.41666666666669,117.75,,6.0,
2023-07-05 10:20:52-04:00,272.0,234.0,1607.0,10:20:52,1596.25,1607.0,1065943340.0,1596.25,26.29166666666667,1018.125,87.83333333333331,0.08333333333333333,,6.0,
2023-07-05 10:44:19-04:00,348.0,294.0,1798.0,10:44:19,1604.0,1798.0,1065943364.0,1604.0,26.29166666666667,1018.125,87.83333333333331,0.08333333333333333,,6.0,
2023-07-05 11:07:48-04:00,323.0,266.0,1569.0,11:07:48,1601.7,1569.0,1065943387.0,1601.7,25.95,1017.6833333333334,88.83333333333331,0.16666666666666666,,6.0,
2023-07-05 11:31:16-04:00,275.0,232.0,1529.0,11:31:16,1588.6363636363637,1529.0,1065943411.0,1588.6363636363637,25.95,1017.6833333333334,88.83333333333331,0.16666666666666666,,6.0,
2023-07-05 11:54:44-04:00,343.0,308.0,1769.0,11:54:44,1573.0833333333333,1769.0,1065943434.0,1573.0833333333333,25.95,1017.6833333333334,88.83333333333331,0.16666666666666666,,6.0,
2023-07-05 12:18:13-04:00,348.0,296.0,1376.0,12:18:13,1553.3076923076924,1376.0,1065943458.0,1553.3076923076924,25.54166666666667,1017.4583333333336,89.75,0.08333333333333333,,6.0,
2023-07-05 12:41:42-04:00,327.0,285.0,1509.0,12:41:42,1529.9285714285713,1509.0,1065943481.0,1529.9285714285713,25.54166666666667,1017.4583333333336,89.75,0.08333333333333333,,6.0,
2023-07-05 13:05:11-04:00,355.0,306.0,1613.0,13:05:11,1494.4,1613.0,1065943505.0,1494.4,25.325,1017.4916666666667,90.16666666666669,0.25,,6.0,
2023-07-05 13:28:40-04:00,372.0,317.0,1666.0,13:28:40,1486.357142857143,1666.0,1065943528.0,1486.357142857143,25.325,1017.4916666666667,90.16666666666669,0.25,,6.0,
2023-07-05 13:52:08-04:00,362.0,314.0,1581.0,13:52:08,1462.3846153846155,1581.0,1065943552.0,1462.3846153846155,25.325,1017.4916666666667,90.16666666666669,0.25,,6.0,
2023-07-05 14:15:37-04:00,330.0,285.0,1458.0,14:15:37,1453.5,1458.0,1065943575.0,1453.5,25.125,1017.7166666666667,90.58333333333331,13.916666666666664,,6.0,
2023-07-05 14:39:06-04:00,367.0,315.0,1402.0,14:39:06,1446.6363636363637,1402.0,1065943599.0,1446.6363636363637,25.125,1017.7166666666667,90.58333333333331,13.916666666666664,,6.0,
2023-07-05 15:02:35-04:00,302.0,258.0,1316.0,15:02:35,1414.4,1316.0,1065943622.0,1414.4,27.258333333333336,1018.3166666666666,86.83333333333331,130.5,,6.0,
2023-07-05 15:26:03-04:00,276.0,215.0,1226.0,15:26:03,1418.6666666666667,1226.0,1065943646.0,1418.6666666666667,27.258333333333336,1018.3166666666666,86.83333333333331,130.5,,6.0,
2023-07-05 15:49:30-04:00,160.0,134.0,997.0,15:49:30,1407.375,997.0,1065943669.0,1407.375,27.258333333333336,1018.3166666666666,86.83333333333331,130.5,,6.0,
2023-07-06 10:09:41-04:00,76.0,59.0,528.0,10:09:41,1195.0,528.0,1065944769.0,1195.0,26.741666666666664,1016.4416666666666,88.33333333333331,0.5,,6.0,
2023-07-06 10:33:08-04:00,254.0,219.0,1372.0,10:33:08,1288.5555555555557,1372.0,1065944793.0,1288.5555555555557,26.741666666666664,1016.4416666666666,88.33333333333331,0.5,,6.0,
2023-07-06 10:56:34-04:00,361.0,314.0,1703.0,10:56:34,1254.7,1703.0,1065944816.0,1254.7,26.741666666666664,1016.4416666666666,88.33333333333331,0.5,,6.0,
2023-07-06 11:20:02-04:00,85.0,64.0,587.0,11:20:02,1239.5454545454545,587.0,1065944840.0,1239.5454545454545,26.133333333333336,1016.1916666666667,89.0,0.0,,6.0,
2023-07-06 11:43:30-04:00,420.0,369.0,1886.0,11:43:30,1212.3333333333333,1886.0,1065944863.0,1212.3333333333333,26.133333333333336,1016.1916666666667,89.0,0.0,,6.0,
2023-07-06 12:06:57-04:00,103.0,65.0,793.0,12:06:57,1176.6923076923076,793.0,1065944886.0,1176.6923076923076,25.60833333333333,1016.175,89.08333333333331,0.0,,6.0,
2023-07-06 12:30:24-04:00,106.0,78.0,874.0,12:30:24,1158.2857142857142,874.0,1065944910.0,1158.2857142857142,25.60833333333333,1016.175,89.08333333333331,0.0,,6.0,
2023-07-06 12:53:50-04:00,500.0,434.0,1817.0,12:53:50,1201.8,1817.0,1065944933.0,1201.8,25.60833333333333,1016.175,89.08333333333331,0.0,,6.0,
2023-07-06 13:17:18-04:00,529.0,458.0,2037.0,13:17:18,1249.9285714285713,2037.0,1065944957.0,1249.9285714285713,25.375,1016.3916666666668,89.75,0.0,,6.0,
2023-07-06 13:40:44-04:00,80.0,60.0,950.0,13:40:44,1240.5384615384614,950.0,1065944980.0,1240.5384615384614,25.375,1016.3916666666668,89.75,0.0,,6.0,
2023-07-06 14:04:10-04:00,91.0,59.0,1088.0,14:04:10,1202.0,1088.0,1065945004.0,1202.0,25.15,1016.4583333333336,90.08333333333331,11.25,,6.0,
2023-07-06 14:27:35-04:00,119.0,84.0,913.0,14:27:35,1257.909090909091,913.0,1065945027.0,1257.909090909091,25.15,1016.4583333333336,90.08333333333331,11.25,,6.0,
2023-07-06 14:51:00-04:00,79.0,56.0,749.0,14:51:00,1195.1,749.0,1065945051.0,1195.1,25.15,1016.4583333333336,90.08333333333331,11.25,,6.0,
2023-07-06 15:14:24-04:00,155.0,90.0,919.0,15:14:24,1239.7777777777778,919.0,1065945074.0,1239.7777777777778,26.15833333333333,1017.05,88.91666666666669,102.66666666666669,,6.0,
2023-07-06 15:37:48-04:00,471.0,400.0,1811.0,15:37:48,1285.5,1811.0,1065945097.0,1285.5,26.15833333333333,1017.05,88.91666666666669,102.66666666666669,,6.0,
2023-07-07 10:19:43-04:00,338.0,286.0,1401.0,10:19:43,1816.125,1401.0,1065946219.0,1816.125,25.75,1015.0083333333333,88.08333333333331,0.25,,6.0,
2023-07-07 10:43:09-04:00,391.0,328.0,1632.0,10:43:09,1716.5555555555557,1632.0,1065946243.0,1716.5555555555557,25.75,1015.0083333333333,88.08333333333331,0.25,,6.0,
2023-07-07 11:06:35-04:00,397.0,340.0,1771.0,11:06:35,1784.1,1771.0,1065946266.0,1784.1,25.65,1014.8083333333334,89.25,0.0,,6.0,
2023-07-07 11:30:03-04:00,474.0,396.0,1646.0,11:30:03,1761.5454545454545,1646.0,1065946290.0,1761.5454545454545,25.65,1014.8083333333334,89.25,0.0,,6.0,
2023-07-07 11:53:31-04:00,371.0,367.0,2550.0,11:53:31,1751.8333333333333,2550.0,1065946313.0,1751.8333333333333,25.65,1014.8083333333334,89.25,0.0,,6.0,
2023-07-07 12:16:59-04:00,459.0,389.0,1796.0,12:16:59,1751.076923076923,1796.0,1065946336.0,1751.076923076923,25.366666666666664,1014.3833333333333,90.83333333333331,0.0,,6.0,
2023-07-07 12:40:28-04:00,510.0,438.0,1911.0,12:40:28,1717.9285714285713,1911.0,1065946360.0,1717.9285714285713,25.366666666666664,1014.3833333333333,90.83333333333331,0.0,,6.0,
2023-07-07 13:03:56-04:00,240.0,210.0,1822.0,13:03:56,1696.3333333333333,1822.0,1065946383.0,1696.3333333333333,25.43333333333333,1014.2666666666668,91.0,0.0,,6.0,
2023-07-07 13:27:25-04:00,122.0,89.0,920.0,13:27:25,1717.4285714285713,920.0,1065946407.0,1717.4285714285713,25.43333333333333,1014.2666666666668,91.0,0.0,,6.0,
2023-07-07 13:50:55-04:00,468.0,407.0,2392.0,13:50:55,1724.0,2392.0,1065946430.0,1724.0,25.43333333333333,1014.2666666666668,91.0,0.0,,6.0,
2023-07-07 14:14:24-04:00,241.0,199.0,1536.0,14:14:24,1720.0833333333333,1536.0,1065946454.0,1720.0833333333333,25.34166666666667,1014.4333333333334,91.25,7.916666666666668,,6.0,
2023-07-07 14:37:51-04:00,456.0,389.0,1645.0,14:37:51,1726.8181818181818,1645.0,1065946477.0,1726.8181818181818,25.34166666666667,1014.4333333333334,91.25,7.916666666666668,,6.0,
2023-07-07 15:01:21-04:00,414.0,345.0,1742.0,15:01:21,1644.5,1742.0,1065946501.0,1644.5,25.90833333333333,1014.85,90.16666666666669,127.41666666666669,,6.0,
2023-07-07 15:24:50-04:00,333.0,253.0,1287.0,15:24:50,1627.6666666666667,1287.0,1065946524.0,1627.6666666666667,25.90833333333333,1014.85,90.16666666666669,127.41666666666669,,6.0,
2023-07-07 15:48:20-04:00,264.0,219.0,1394.0,15:48:20,1592.25,1394.0,1065946548.0,1592.25,25.90833333333333,1014.85,90.16666666666669,127.41666666666669,,6.0,
2023-07-08 10:05:36-04:00,320.0,274.0,1262.0,10:05:36,1359.75,1262.0,1065947645.0,1359.75,24.45,1014.1666666666664,91.5,0.0,,6.0,
2023-07-08 10:29:00-04:00,203.0,173.0,1012.0,10:29:00,1364.4444444444443,1012.0,1065947669.0,1364.4444444444443,24.45,1014.1666666666664,91.5,0.0,,6.0,
2023-07-08 10:52:48-04:00,236.0,200.0,1063.0,10:52:48,1458.1,1063.0,1065947692.0,1458.1,24.45,1014.1666666666664,91.5,0.0,,6.0,
2023-07-08 11:16:12-04:00,384.0,327.0,1518.0,11:16:12,1380.1818181818182,1518.0,1065947716.0,1380.1818181818182,24.23333333333333,1013.9583333333336,91.0,0.0,,6.0,
2023-07-08 11:39:38-04:00,410.0,359.0,1270.0,11:39:38,1323.1666666666667,1270.0,1065947739.0,1323.1666666666667,24.23333333333333,1013.9583333333336,91.0,0.0,,6.0,
2023-07-08 12:03:03-04:00,379.0,327.0,1511.0,12:03:03,1262.0,1511.0,1065947763.0,1262.0,24.125,1013.9916666666667,90.33333333333331,0.0,,6.0,
2023-07-08 12:26:29-04:00,497.0,429.0,1625.0,12:26:29,1243.5714285714287,1625.0,1065947786.0,1243.5714285714287,24.125,1013.9916666666667,90.33333333333331,0.0,,6.0,
2023-07-08 12:50:18-04:00,486.0,421.0,1617.0,12:50:18,1190.7333333333333,1617.0,1065947810.0,1190.7333333333333,24.125,1013.9916666666667,90.33333333333331,0.0,,6.0,
2023-07-08 13:13:36-04:00,458.0,398.0,1402.0,13:13:36,1141.2666666666667,1402.0,1065947833.0,1141.2666666666667,24.075,1014.1916666666666,90.33333333333331,0.0,,6.0,
2023-07-08 13:37:04-04:00,484.0,426.0,2301.0,13:37:04,1150.5,2301.0,1065947857.0,1150.5,24.075,1014.1916666666666,90.33333333333331,0.0,,6.0,
2023-07-08 14:00:30-04:00,55.0,40.0,601.0,14:00:30,1157.2307692307693,601.0,1065947880.0,1157.2307692307693,24.133333333333336,1014.55,91.0,10.416666666666666,,6.0,
2023-07-08 14:23:53-04:00,69.0,43.0,696.0,14:23:53,1127.1666666666667,696.0,1065947903.0,1127.1666666666667,24.133333333333336,1014.55,91.0,10.416666666666666,,6.0,
2023-07-08 14:47:13-04:00,53.0,34.0,528.0,14:47:13,1114.1818181818182,528.0,1065947927.0,1114.1818181818182,24.133333333333336,1014.55,91.0,10.416666666666666,,6.0,
2023-07-08 15:10:32-04:00,40.0,4.0,1004.0,15:10:32,1074.5,1004.0,1065947950.0,1074.5,25.23333333333333,1014.8,89.91666666666669,137.0,,6.0,
2023-07-08 15:33:51-04:00,17.0,5.0,451.0,15:33:51,1013.3333333333334,451.0,1065947973.0,1013.3333333333334,25.23333333333333,1014.8,89.91666666666669,137.0,,6.0,
2023-07-08 15:57:10-04:00,26.0,8.0,520.0,15:57:10,937.875,520.0,1065947997.0,937.875,25.23333333333333,1014.8,89.91666666666669,137.0,,6.0,
2023-07-11 14:01:38-04:00,446.0,337.0,1705.0,14:01:38,1370.5,1705.0,1065952201.0,1370.5,24.55,1017.1083333333332,91.66666666666669,8.083333333333334,,6.0,
2023-07-11 14:24:58-04:00,362.0,322.0,1307.0,14:24:58,1370.5,1307.0,1065952224.0,1370.5,24.55,1017.1083333333332,91.66666666666669,8.083333333333334,,6.0,
2023-07-11 14:48:27-04:00,116.0,71.0,1322.0,14:48:27,1370.5,1322.0,1065952248.0,1370.5,24.55,1017.1083333333332,91.66666666666669,8.083333333333334,,6.0,
2023-07-11 15:11:57-04:00,379.0,318.0,1029.0,15:11:57,1370.5,1029.0,1065952271.0,1370.5,25.75,1018.0833333333336,88.66666666666669,134.08333333333334,,6.0,
2023-07-11 15:35:26-04:00,408.0,340.0,1548.0,15:35:26,1370.5,1548.0,1065952295.0,1370.5,25.75,1018.0833333333336,88.66666666666669,134.08333333333334,,6.0,
2023-07-11 15:58:56-04:00,325.0,274.0,1312.0,15:58:56,1370.5,1312.0,1065952318.0,1370.5,25.75,1018.0833333333336,88.66666666666669,134.08333333333334,,6.0,
2023-07-12 10:18:18-04:00,226.0,172.0,1550.0,10:18:18,1472.0,1550.0,1065953418.0,1472.0,27.025,1016.9833333333332,90.66666666666669,0.25,,6.0,
2023-07-12 10:41:45-04:00,270.0,230.0,1381.0,10:41:45,1509.4444444444443,1381.0,1065953441.0,1509.4444444444443,27.025,1016.9833333333332,90.66666666666669,0.25,,6.0,
2023-07-12 11:05:14-04:00,176.0,140.0,1504.0,11:05:14,1560.2,1504.0,1065953465.0,1560.2,26.875,1016.5833333333336,90.66666666666669,0.0,,6.0,
2023-07-12 11:28:52-04:00,356.0,312.0,1431.0,11:28:52,1589.3636363636363,1431.0,1065953488.0,1589.3636363636363,26.875,1016.5833333333336,90.66666666666669,0.0,,6.0,
2023-07-12 11:52:22-04:00,344.0,286.0,1427.0,11:52:22,1604.0833333333333,1427.0,1065953512.0,1604.0833333333333,26.875,1016.5833333333336,90.66666666666669,0.0,,6.0,
2023-07-12 12:15:52-04:00,362.0,305.0,1745.0,12:15:52,1580.2307692307693,1745.0,1065953535.0,1580.2307692307693,26.775,1016.3833333333333,89.25,0.0,,6.0,
2023-07-12 12:39:21-04:00,428.0,377.0,1223.0,12:39:21,1606.7857142857142,1223.0,1065953559.0,1606.7857142857142,26.775,1016.3833333333333,89.25,0.0,,6.0,
2023-07-12 13:02:51-04:00,358.0,310.0,1515.0,13:02:51,1591.2,1515.0,1065953582.0,1591.2,26.258333333333336,1016.6833333333334,90.5,0.0,,6.0,
2023-07-12 13:26:20-04:00,502.0,381.0,1809.0,13:26:20,1594.142857142857,1809.0,1065953606.0,1594.142857142857,26.258333333333336,1016.6833333333334,90.5,0.0,,6.0,
2023-07-12 13:49:50-04:00,430.0,382.0,2017.0,13:49:50,1610.5384615384614,2017.0,1065953629.0,1610.5384615384614,26.258333333333336,1016.6833333333334,90.5,0.0,,6.0,
2023-07-12 14:13:19-04:00,420.0,352.0,1881.0,14:13:19,1619.4166666666667,1881.0,1065953653.0,1619.4166666666667,25.80833333333333,1016.8916666666664,91.0,3.8333333333333335,,6.0,
2023-07-12 14:36:49-04:00,461.0,314.0,1766.0,14:36:49,1636.5454545454545,1766.0,1065953676.0,1636.5454545454545,25.80833333333333,1016.8916666666664,91.0,3.8333333333333335,,6.0,
2023-07-12 15:00:18-04:00,388.0,342.0,1294.0,15:00:18,1657.5,1294.0,1065953700.0,1657.5,26.316666666666666,1017.3333333333336,90.0,112.91666666666669,,6.0,
2023-07-12 15:23:47-04:00,383.0,296.0,1952.0,15:23:47,1647.7777777777778,1952.0,1065953723.0,1647.7777777777778,26.316666666666666,1017.3333333333336,90.0,112.91666666666669,,6.0,
2023-07-12 15:47:16-04:00,358.0,310.0,1373.0,15:47:16,1700.875,1373.0,1065953747.0,1700.875,26.316666666666666,1017.3333333333336,90.0,112.91666666666669,,6.0,
2023-07-13 10:00:00-04:00,,,,,,,,,,,,,-29.69,,harvest
2023-07-13 10:06:17-04:00,238.0,224.0,590.0,10:06:17,723.875,590.0,1065954846.0,723.875,27.116666666666664,1015.75,89.0,0.25,,6.0,
2023-07-13 10:29:44-04:00,215.0,210.0,1379.0,10:29:44,720.3333333333334,1379.0,1065954869.0,720.3333333333334,27.116666666666664,1015.75,89.0,0.25,,6.0,
2023-07-13 10:53:11-04:00,288.0,273.0,803.0,10:53:11,703.2,803.0,1065954893.0,703.2,27.116666666666664,1015.75,89.0,0.25,,6.0,
2023-07-13 11:16:39-04:00,167.0,147.0,390.0,11:16:39,690.2727272727273,390.0,1065954916.0,690.2727272727273,26.80833333333333,1015.275,89.08333333333331,0.5,,6.0,
2023-07-13 11:40:06-04:00,72.0,60.0,430.0,11:40:06,683.3333333333334,430.0,1065954940.0,683.3333333333334,26.80833333333333,1015.275,89.08333333333331,0.5,,6.0,
2023-07-13 12:03:34-04:00,329.0,321.0,834.0,12:03:34,671.5384615384615,834.0,1065954963.0,671.5384615384615,26.55454545454546,1015.1636363636363,90.0,0.2727272727272727,,6.0,
2023-07-13 12:27:02-04:00,106.0,92.0,704.0,12:27:02,669.3571428571429,704.0,1065954987.0,669.3571428571429,26.55454545454546,1015.1636363636363,90.0,0.2727272727272727,,6.0,
2023-07-13 12:50:29-04:00,181.0,168.0,661.0,12:50:29,667.4666666666667,661.0,1065955010.0,667.4666666666667,26.55454545454546,1015.1636363636363,90.0,0.2727272727272727,,6.0,
2023-07-13 13:13:57-04:00,97.0,78.0,692.0,13:13:57,673.2666666666667,692.0,1065955033.0,673.2666666666667,26.45,1015.2666666666668,90.0,0.16666666666666666,,6.0,
2023-07-13 13:37:23-04:00,56.0,23.0,549.0,13:37:23,622.8571428571429,549.0,1065955057.0,622.8571428571429,26.45,1015.2666666666668,90.0,0.16666666666666666,,6.0,
2023-07-13 14:00:45-04:00,29.0,13.0,561.0,14:00:45,609.0,561.0,1065955080.0,609.0,26.16666666666667,1015.4583333333336,90.75,3.4166666666666665,,6.0,
2023-07-13 14:24:06-04:00,56.0,39.0,607.0,14:24:06,627.25,607.0,1065955104.0,627.25,26.16666666666667,1015.4583333333336,90.75,3.4166666666666665,,6.0,
2023-07-13 14:47:27-04:00,64.0,47.0,530.0,14:47:27,645.1818181818181,530.0,1065955127.0,645.1818181818181,26.16666666666667,1015.4583333333336,90.75,3.4166666666666665,,6.0,
2023-07-13 15:10:49-04:00,125.0,82.0,641.0,15:10:49,626.3,641.0,1065955150.0,626.3,26.73333333333333,1015.7833333333333,89.91666666666669,63.91666666666666,,6.0,
2023-07-13 15:34:11-04:00,95.0,79.0,641.0,15:34:11,617.6666666666666,641.0,1065955174.0,617.6666666666666,26.73333333333333,1015.7833333333333,89.91666666666669,63.91666666666666,,6.0,
2023-07-13 15:57:52-04:00,227.0,206.0,677.0,15:57:52,612.25,677.0,1065955197.0,612.25,26.73333333333333,1015.7833333333333,89.91666666666669,63.91666666666666,,6.0,
2023-07-14 10:15:55-04:00,291.0,264.0,827.0,10:15:55,768.5,827.0,1065956295.0,768.5,24.975,1015.0166666666668,85.0,1.0,,6.0,
2023-07-14 10:39:12-04:00,185.0,171.0,484.0,10:39:12,754.3333333333334,484.0,1065956319.0,754.3333333333334,24.975,1015.0166666666668,85.0,1.0,,6.0,
2023-07-14 11:02:39-04:00,208.0,188.0,771.0,11:02:39,803.0,771.0,1065956342.0,803.0,24.93333333333333,1014.7333333333332,85.16666666666667,0.3333333333333333,,6.0,
2023-07-14 11:26:06-04:00,423.0,356.0,1308.0,11:26:06,799.3636363636364,1308.0,1065956366.0,799.3636363636364,24.93333333333333,1014.7333333333332,85.16666666666667,0.3333333333333333,,6.0,
2023-07-14 11:49:34-04:00,178.0,168.0,992.0,11:49:34,779.1666666666666,992.0,1065956389.0,779.1666666666666,24.93333333333333,1014.7333333333332,85.16666666666667,0.3333333333333333,,6.0,
2023-07-14 12:13:02-04:00,328.0,293.0,904.0,12:13:02,774.3846153846154,904.0,1065956413.0,774.3846153846154,24.66666666666667,1014.7416666666667,87.66666666666669,0.08333333333333333,,6.0,
2023-07-14 12:36:31-04:00,112.0,58.0,503.0,12:36:31,779.7857142857143,503.0,1065956436.0,779.7857142857143,24.66666666666667,1014.7416666666667,87.66666666666669,0.08333333333333333,,6.0,
2023-07-14 12:59:59-04:00,322.0,292.0,359.0,12:59:59,788.6666666666666,359.0,1065956459.0,788.6666666666666,24.66666666666667,1014.7416666666667,87.66666666666669,0.08333333333333333,,6.0,
2023-07-14 13:23:27-04:00,60.0,42.0,641.0,13:23:27,785.9285714285714,641.0,1065956483.0,785.9285714285714,24.391666666666666,1014.9,88.58333333333331,0.6666666666666666,,6.0,
2023-07-14 13:46:52-04:00,158.0,134.0,1241.0,13:46:52,809.1538461538462,1241.0,1065956506.0,809.1538461538462,24.391666666666666,1014.9,88.58333333333331,0.6666666666666666,,6.0,
2023-07-14 14:10:16-04:00,84.0,69.0,763.0,14:10:16,812.3333333333334,763.0,1065956530.0,812.3333333333334,24.4,1015.2666666666668,89.16666666666669,6.916666666666668,,6.0,
2023-07-14 14:33:41-04:00,169.0,151.0,557.0,14:33:41,767.2727272727273,557.0,1065956553.0,767.2727272727273,24.4,1015.2666666666668,89.16666666666669,6.916666666666668,,6.0,
2023-07-14 14:57:06-04:00,109.0,89.0,717.0,14:57:06,744.8,717.0,1065956577.0,744.8,24.4,1015.2666666666668,89.16666666666669,6.916666666666668,,6.0,
2023-07-14 15:20:33-04:00,296.0,259.0,850.0,15:20:33,727.1111111111111,850.0,1065956600.0,727.1111111111111,25.66666666666667,1015.8666666666667,86.91666666666669,122.0,,6.0,
2023-07-14 15:43:59-04:00,263.0,251.0,913.0,15:43:59,755.125,913.0,1065956623.0,755.125,25.66666666666667,1015.8666666666667,86.91666666666669,122.0,,6.0,
2023-07-15 10:03:00-04:00,216.0,198.0,627.0,10:03:00,720.0,627.0,1065957723.0,720.0,25.25,1016.1333333333333,90.41666666666669,0.3333333333333333,,6.0,
2023-07-15 10:26:27-04:00,170.0,148.0,836.0,10:26:27,705.4444444444445,836.0,1065957746.0,705.4444444444445,25.25,1016.1333333333333,90.41666666666669,0.3333333333333333,,6.0,
2023-07-15 10:49:53-04:00,321.0,296.0,1099.0,10:49:53,747.9,1099.0,1065957769.0,747.9,25.25,1016.1333333333333,90.41666666666669,0.3333333333333333,,6.0,
2023-07-15 11:13:20-04:00,349.0,320.0,524.0,11:13:20,739.9090909090909,524.0,1065957793.0,739.9090909090909,25.30833333333333,1015.2333333333332,89.83333333333331,0.25,,6.0,
2023-07-15 11:36:47-04:00,336.0,304.0,740.0,11:36:47,754.8333333333334,740.0,1065957816.0,754.8333333333334,25.30833333333333,1015.2333333333332,89.83333333333331,0.25,,6.0,
2023-07-15 12:00:16-04:00,385.0,365.0,438.0,12:00:16,753.0769230769231,438.0,1065957840.0,753.0769230769231,25.016666666666666,1014.8,90.91666666666669,0.0,,6.0,
2023-07-15 12:23:45-04:00,150.0,130.0,754.0,12:23:45,715.9285714285714,754.0,1065957863.0,715.9285714285714,25.016666666666666,1014.8,90.91666666666669,0.0,,6.0,
2023-07-15 12:47:13-04:00,89.0,80.0,742.0,12:47:13,730.0666666666667,742.0,1065957887.0,730.0666666666667,25.016666666666666,1014.8,90.91666666666669,0.0,,6.0,
2023-07-15 13:10:40-04:00,67.0,46.0,589.0,13:10:40,751.6,589.0,1065957910.0,751.6,25.008333333333336,1015.0583333333334,91.0,0.16666666666666666,,6.0,
2023-07-15 13:34:06-04:00,362.0,346.0,1130.0,13:34:06,745.5714285714286,1130.0,1065957934.0,745.5714285714286,25.008333333333336,1015.0583333333334,91.0,0.16666666666666666,,6.0,
2023-07-15 13:57:34-04:00,316.0,299.0,660.0,13:57:34,718.3846153846154,660.0,1065957957.0,718.3846153846154,25.008333333333336,1015.0583333333334,91.0,0.16666666666666666,,6.0,
2023-07-15 14:21:02-04:00,271.0,261.0,919.0,14:21:02,734.5833333333334,919.0,1065957981.0,734.5833333333334,24.941666666666666,1015.65,91.0,8.916666666666666,,6.0,
2023-07-15 14:44:30-04:00,293.0,274.0,732.0,14:44:30,734.0909090909091,732.0,1065958004.0,734.0909090909091,24.941666666666666,1015.65,91.0,8.916666666666666,,6.0,
2023-07-15 15:07:58-04:00,285.0,261.0,233.0,15:07:58,763.7,233.0,1065958027.0,763.7,26.08333333333333,1016.175,86.75,124.33333333333331,,6.0,
2023-07-15 15:31:26-04:00,284.0,254.0,928.0,15:31:26,764.7777777777778,928.0,1065958051.0,764.7777777777778,26.08333333333333,1016.175,86.75,124.33333333333331,,6.0,
2023-07-15 15:54:54-04:00,313.0,262.0,950.0,15:54:54,767.625,950.0,1065958074.0,767.625,26.08333333333333,1016.175,86.75,124.33333333333331,,6.0,
2023-07-16 10:13:14-04:00,275.0,264.0,783.0,10:13:14,774.125,783.0,1065959173.0,774.125,25.29166666666667,1016.6666666666664,90.08333333333331,0.08333333333333333,,6.0,
2023-07-16 10:36:40-04:00,301.0,271.0,803.0,10:36:40,796.2222222222222,803.0,1065959196.0,796.2222222222222,25.29166666666667,1016.6666666666664,90.08333333333331,0.08333333333333333,,6.0,
2023-07-16 11:00:07-04:00,281.0,266.0,690.0,11:00:07,833.5,690.0,1065959220.0,833.5,25.263636363636362,1016.381818181818,91.0,0.0,,6.0,
2023-07-16 11:23:34-04:00,327.0,300.0,959.0,11:23:34,820.5454545454545,959.0,1065959243.0,820.5454545454545,25.263636363636362,1016.381818181818,91.0,0.0,,6.0,
2023-07-16 11:47:02-04:00,316.0,291.0,441.0,11:47:02,815.6666666666666,441.0,1065959267.0,815.6666666666666,25.263636363636362,1016.381818181818,91.0,0.0,,6.0,
2023-07-16 12:10:30-04:00,355.0,326.0,935.0,12:10:30,800.6923076923077,935.0,1065959290.0,800.6923076923077,25.441666666666666,1016.2583333333333,91.0,0.0,,6.0,
2023-07-16 12:33:58-04:00,133.0,121.0,833.0,12:33:58,790.0714285714286,833.0,1065959313.0,790.0714285714286,25.441666666666666,1016.2583333333333,91.0,0.0,,6.0,
2023-07-16 12:57:26-04:00,387.0,358.0,749.0,12:57:26,790.0666666666667,749.0,1065959337.0,790.0666666666667,25.441666666666666,1016.2583333333333,91.0,0.0,,6.0,
2023-07-16 13:20:54-04:00,156.0,113.0,973.0,13:20:54,790.5714285714286,973.0,1065959360.0,790.5714285714286,25.266666666666666,1016.3333333333336,91.75,0.0,,6.0,
2023-07-16 13:44:22-04:00,370.0,336.0,1169.0,13:44:22,789.6153846153846,1169.0,1065959384.0,789.6153846153846,25.266666666666666,1016.3333333333336,91.75,0.0,,6.0,
2023-07-16 14:07:51-04:00,107.0,85.0,691.0,14:07:51,797.9166666666666,691.0,1065959407.0,797.9166666666666,25.21666666666667,1016.8833333333333,92.08333333333331,5.916666666666668,,6.0,
2023-07-16 14:31:19-04:00,103.0,74.0,762.0,14:31:19,783.2727272727273,762.0,1065959431.0,783.2727272727273,25.21666666666667,1016.8833333333333,92.08333333333331,5.916666666666668,,6.0,
2023-07-16 14:54:47-04:00,82.0,66.0,621.0,14:54:47,817.5,621.0,1065959454.0,817.5,25.21666666666667,1016.8833333333333,92.08333333333331,5.916666666666668,,6.0,
2023-07-16 15:18:14-04:00,100.0,82.0,652.0,15:18:14,804.4444444444445,652.0,1065959478.0,804.4444444444445,26.116666666666664,1017.3,91.16666666666669,117.83333333333331,,6.0,
2023-07-16 15:41:41-04:00,200.0,172.0,790.0,15:41:41,800.875,790.0,1065959501.0,800.875,26.116666666666664,1017.3,91.16666666666669,117.83333333333331,,6.0,
2023-07-17 10:00:36-04:00,176.0,150.0,557.0,10:00:36,674.875,557.0,1065960600.0,674.875,24.691666666666666,1017.8583333333332,87.16666666666669,0.0,,6.0,
2023-07-17 10:24:02-04:00,176.0,141.0,625.0,10:24:02,659.3333333333334,625.0,1065960624.0,659.3333333333334,24.691666666666666,1017.8583333333332,87.16666666666669,0.0,,6.0,
2023-07-17 10:47:28-04:00,152.0,133.0,632.0,10:47:28,677.3,632.0,1065960647.0,677.3,24.691666666666666,1017.8583333333332,87.16666666666669,0.0,,6.0,
2023-07-17 11:10:54-04:00,200.0,150.0,896.0,11:10:54,686.6363636363636,896.0,1065960670.0,686.6363636363636,25.025,1017.0166666666668,87.5,0.0,,6.0,
2023-07-17 11:34:20-04:00,136.0,111.0,659.0,11:34:20,700.5833333333334,659.0,1065960694.0,700.5833333333334,25.025,1017.0166666666668,87.5,0.0,,6.0,
2023-07-17 11:57:45-04:00,97.0,68.0,858.0,11:57:45,709.9230769230769,858.0,1065960717.0,709.9230769230769,25.025,1017.0166666666668,87.5,0.0,,6.0,
2023-07-17 12:21:09-04:00,71.0,55.0,578.0,12:21:09,739.8571428571429,578.0,1065960741.0,739.8571428571429,25.61818181818182,1016.6727272727272,86.0909090909091,0.0,,6.0,
2023-07-17 12:44:34-04:00,102.0,87.0,594.0,12:44:34,727.8,594.0,1065960764.0,727.8,25.61818181818182,1016.6727272727272,86.0909090909091,0.0,,6.0,
2023-07-17 13:07:59-04:00,162.0,145.0,535.0,13:07:59,762.7333333333333,535.0,1065960787.0,762.7333333333333,25.55,1016.6916666666666,86.41666666666669,0.0,,6.0,
2023-07-17 13:31:25-04:00,144.0,120.0,839.0,13:31:25,772.5714285714286,839.0,1065960811.0,772.5714285714286,25.55,1016.6916666666666,86.41666666666669,0.0,,6.0,
2023-07-17 13:54:51-04:00,289.0,259.0,780.0,13:54:51,783.3846153846154,780.0,1065960834.0,783.3846153846154,25.55,1016.6916666666666,86.41666666666669,0.0,,6.0,
2023-07-17 14:18:20-04:00,197.0,180.0,854.0,14:18:20,774.0,854.0,1065960858.0,774.0,25.316666666666666,1017.175,88.0,2.4166666666666665,,6.0,
2023-07-17 14:41:48-04:00,148.0,129.0,822.0,14:41:48,784.4545454545455,822.0,1065960881.0,784.4545454545455,25.316666666666666,1017.175,88.0,2.4166666666666665,,6.0,
2023-07-17 15:05:16-04:00,194.0,171.0,1129.0,15:05:16,777.1,1129.0,1065960905.0,777.1,25.758333333333336,1017.2916666666664,88.0,56.16666666666666,,6.0,
2023-07-17 15:28:44-04:00,318.0,292.0,559.0,15:28:44,799.2222222222222,559.0,1065960928.0,799.2222222222222,25.758333333333336,1017.2916666666664,88.0,56.16666666666666,,6.0,
2023-07-17 15:52:12-04:00,225.0,203.0,1081.0,15:52:12,824.875,1081.0,1065960952.0,824.875,25.758333333333336,1017.2916666666664,88.0,56.16666666666666,,6.0,
2023-07-18 10:10:01-04:00,251.0,227.0,1255.0,10:10:01,966.875,1255.0,1065962050.0,966.875,23.91818181818182,1017.8363636363637,90.63636363636364,0.8181818181818182,,6.0,
2023-07-18 10:33:26-04:00,294.0,273.0,1392.0,10:33:26,989.5555555555555,1392.0,1065962073.0,989.5555555555555,23.91818181818182,1017.8363636363637,90.63636363636364,0.8181818181818182,,6.0,
2023-07-18 10:56:53-04:00,376.0,325.0,620.0,10:56:53,964.2,620.0,1065962096.0,964.2,23.91818181818182,1017.8363636363637,90.63636363636364,0.8181818181818182,,6.0,
2023-07-18 11:20:20-04:00,378.0,349.0,797.0,11:20:20,958.0,797.0,1065962120.0,958.0,23.91666666666667,1017.8083333333334,91.0,0.16666666666666666,,6.0,
2023-07-18 11:43:47-04:00,335.0,317.0,1116.0,11:43:47,956.0,1116.0,1065962143.0,956.0,23.91666666666667,1017.8083333333334,91.0,0.16666666666666666,,6.0,
2023-07-18 12:07:15-04:00,118.0,96.0,852.0,12:07:15,938.4615384615385,852.0,1065962167.0,938.4615384615385,23.825,1017.6583333333333,91.0,0.0,,6.0,
2023-07-18 12:30:43-04:00,296.0,270.0,652.0,12:30:43,946.0,652.0,1065962190.0,946.0,23.825,1017.6583333333333,91.0,0.0,,6.0,
2023-07-18 12:54:11-04:00,413.0,398.0,1051.0,12:54:11,944.9333333333333,1051.0,1065962214.0,944.9333333333333,23.825,1017.6583333333333,91.0,0.0,,6.0,
2023-07-18 13:17:29-04:00,183.0,90.0,1171.0,13:17:29,922.7857142857143,1171.0,1065962237.0,922.7857142857143,23.79090909090909,1018.0454545454544,92.0,0.0,,6.0,
2023-07-18 13:40:56-04:00,104.0,74.0,736.0,13:40:56,886.6923076923077,736.0,1065962260.0,886.6923076923077,23.79090909090909,1018.0454545454544,92.0,0.0,,6.0,
2023-07-18 14:04:23-04:00,83.0,51.0,896.0,14:04:23,908.9166666666666,896.0,1065962284.0,908.9166666666666,23.884615384615394,1018.5384615384617,92.46153846153848,4.230769230769232,,6.0,
2023-07-18 14:27:50-04:00,363.0,333.0,934.0,14:27:50,919.0909090909091,934.0,1065962307.0,919.0909090909091,23.884615384615394,1018.5384615384617,92.46153846153848,4.230769230769232,,6.0,
2023-07-18 14:51:18-04:00,58.0,33.0,728.0,14:51:18,899.4,728.0,1065962331.0,899.4,23.884615384615394,1018.5384615384617,92.46153846153848,4.230769230769232,,6.0,
2023-07-18 15:14:42-04:00,26.0,8.0,1044.0,15:14:42,904.6666666666666,1044.0,1065962354.0,904.6666666666666,24.90833333333333,1018.975,91.16666666666669,112.58333333333331,,6.0,
2023-07-18 15:38:05-04:00,40.0,18.0,930.0,15:38:05,936.25,930.0,1065962378.0,936.25,24.90833333333333,1018.975,91.16666666666669,112.58333333333331,,6.0,
2023-07-19 10:18:55-04:00,268.0,238.0,1487.0,10:18:55,1060.375,1487.0,1065963498.0,1060.375,24.691666666666666,1020.25,91.83333333333331,0.16666666666666666,,6.0,
2023-07-19 10:42:21-04:00,249.0,231.0,833.0,10:42:21,1110.4444444444443,833.0,1065963522.0,1110.4444444444443,24.691666666666666,1020.25,91.83333333333331,0.16666666666666666,,6.0,
2023-07-19 11:05:48-04:00,437.0,345.0,1100.0,11:05:48,1081.4,1100.0,1065963545.0,1081.4,24.891666666666666,1020.2583333333333,91.58333333333331,0.08333333333333333,,6.0,
2023-07-19 11:29:15-04:00,299.0,260.0,850.0,11:29:15,1065.1818181818182,850.0,1065963569.0,1065.1818181818182,24.891666666666666,1020.2583333333333,91.58333333333331,0.08333333333333333,,6.0,
2023-07-19 11:52:42-04:00,375.0,332.0,1200.0,11:52:42,1066.0,1200.0,1065963592.0,1066.0,24.891666666666666,1020.2583333333333,91.58333333333331,0.08333333333333333,,6.0,
2023-07-19 12:16:09-04:00,320.0,296.0,949.0,12:16:09,1091.2307692307693,949.0,1065963616.0,1091.2307692307693,24.95833333333333,1020.0833333333336,91.91666666666669,0.0,,6.0,
2023-07-19 12:39:37-04:00,360.0,334.0,1390.0,12:39:37,1137.857142857143,1390.0,1065963639.0,1137.857142857143,24.95833333333333,1020.0833333333336,91.91666666666669,0.0,,6.0,
2023-07-19 13:03:04-04:00,339.0,317.0,674.0,13:03:04,1131.1333333333334,674.0,1065963663.0,1131.1333333333334,25.441666666666666,1020.025,91.91666666666669,0.4166666666666667,,6.0,
2023-07-19 13:26:32-04:00,399.0,359.0,1511.0,13:26:32,1105.7142857142858,1511.0,1065963686.0,1105.7142857142858,25.441666666666666,1020.025,91.91666666666669,0.4166666666666667,,6.0,
2023-07-19 13:49:59-04:00,64.0,47.0,820.0,13:49:59,1126.6923076923076,820.0,1065963709.0,1126.6923076923076,25.441666666666666,1020.025,91.91666666666669,0.4166666666666667,,6.0,
2023-07-19 14:13:15-04:00,100.0,67.0,903.0,14:13:15,1128.9166666666667,903.0,1065963733.0,1128.9166666666667,25.633333333333336,1020.425,91.0,6.333333333333332,,6.0,
2023-07-19 14:36:40-04:00,174.0,139.0,1075.0,14:36:40,1154.2727272727273,1075.0,1065963756.0,1154.2727272727273,25.633333333333336,1020.425,91.0,6.333333333333332,,6.0,
2023-07-19 15:00:06-04:00,367.0,347.0,1394.0,15:00:06,1149.7,1394.0,1065963780.0,1149.7,26.8,1020.8272727272728,88.36363636363636,115.54545454545456,,6.0,
2023-07-19 15:23:34-04:00,331.0,301.0,1744.0,15:23:34,1172.0,1744.0,1065963803.0,1172.0,26.8,1020.8272727272728,88.36363636363636,115.54545454545456,,6.0,
2023-07-19 15:47:01-04:00,279.0,230.0,1037.0,15:47:01,1144.75,1037.0,1065963827.0,1144.75,26.8,1020.8272727272728,88.36363636363636,115.54545454545456,,6.0,
2023-07-20 10:00:00-04:00,,,,,,,,,,,,,-20.7,,harvest
2023-07-20 10:06:00-04:00,153.0,137.0,570.0,10:06:00,623.5,570.0,1065964926.0,623.5,27.45,1019.8583333333332,89.25,0.0,,6.0,
2023-07-20 10:29:26-04:00,250.0,224.0,657.0,10:29:26,623.6666666666666,657.0,1065964949.0,623.6666666666666,27.45,1019.8583333333332,89.25,0.0,,6.0,
2023-07-20 10:52:52-04:00,186.0,157.0,533.0,10:52:52,614.1,533.0,1065964972.0,614.1,27.45,1019.8583333333332,89.25,0.0,,6.0,
2023-07-20 11:16:18-04:00,119.0,108.0,446.0,11:16:18,608.4545454545455,446.0,1065964996.0,608.4545454545455,26.96666666666667,1019.4583333333336,90.58333333333331,0.0,,6.0,
2023-07-20 11:40:13-04:00,259.0,245.0,883.0,11:40:13,606.6666666666666,883.0,1065965020.0,606.6666666666666,26.96666666666667,1019.4583333333336,90.58333333333331,0.0,,6.0,
2023-07-20 12:03:41-04:00,334.0,313.0,535.0,12:03:41,623.8461538461538,535.0,1065965043.0,623.8461538461538,26.43333333333333,1019.4916666666667,91.83333333333331,0.0,,6.0,
2023-07-20 12:27:09-04:00,306.0,291.0,1019.0,12:27:09,645.4285714285714,1019.0,1065965067.0,645.4285714285714,26.43333333333333,1019.4916666666667,91.83333333333331,0.0,,6.0,
2023-07-20 12:50:38-04:00,134.0,138.0,345.0,12:50:38,641.3333333333334,345.0,1065965090.0,641.3333333333334,26.43333333333333,1019.4916666666667,91.83333333333331,0.0,,6.0,
2023-07-20 13:14:06-04:00,156.0,138.0,625.0,13:14:06,652.4666666666667,625.0,1065965114.0,652.4666666666667,26.34166666666667,1019.8083333333333,92.0,0.0,,6.0,
2023-07-20 13:37:34-04:00,343.0,325.0,528.0,13:37:34,652.1428571428571,528.0,1065965137.0,652.1428571428571,26.34166666666667,1019.8083333333333,92.0,0.0,,6.0,
2023-07-20 14:01:03-04:00,140.0,125.0,552.0,14:01:03,661.3076923076923,552.0,1065965161.0,661.3076923076923,26.23333333333333,1019.9,92.0,5.333333333333333,,6.0,
2023-07-20 14:24:29-04:00,219.0,161.0,587.0,14:24:29,679.25,587.0,1065965184.0,679.25,26.23333333333333,1019.9,92.0,5.333333333333333,,6.0,
2023-07-20 14:47:56-04:00,152.0,128.0,830.0,14:47:56,660.7272727272727,830.0,1065965207.0,660.7272727272727,26.23333333333333,1019.9,92.0,5.333333333333333,,6.0,
2023-07-20 15:11:24-04:00,319.0,281.0,926.0,15:11:24,673.3,926.0,1065965231.0,673.3,27.075,1020.1416666666668,90.83333333333331,129.33333333333334,,6.0,
2023-07-20 15:34:53-04:00,123.0,114.0,584.0,15:34:53,634.8888888888889,584.0,1065965254.0,634.8888888888889,27.075,1020.1416666666668,90.83333333333331,129.33333333333334,,6.0,
2023-07-20 15:58:11-04:00,261.0,191.0,737.0,15:58:11,671.125,737.0,1065965278.0,671.125,27.075,1020.1416666666668,90.83333333333331,129.33333333333334,,6.0,
2023-07-21 10:16:54-04:00,244.0,224.0,633.0,10:16:54,665.25,633.0,1065966376.0,665.25,26.883333333333336,1017.2333333333332,90.5,0.0,,6.0,
2023-07-21 10:40:12-04:00,244.0,228.0,638.0,10:40:12,634.5555555555555,638.0,1065966400.0,634.5555555555555,26.883333333333336,1017.2333333333332,90.5,0.0,,6.0,
2023-07-21 11:03:38-04:00,249.0,237.0,729.0,11:03:38,595.0,729.0,1065966423.0,595.0,26.48333333333333,1016.4,91.91666666666669,0.0,,6.0,
2023-07-21 11:27:06-04:00,275.0,254.0,832.0,11:27:06,584.5454545454545,832.0,1065966447.0,584.5454545454545,26.48333333333333,1016.4,91.91666666666669,0.0,,6.0,
2023-07-21 11:50:34-04:00,325.0,299.0,653.0,11:50:34,564.9166666666666,653.0,1065966470.0,564.9166666666666,26.48333333333333,1016.4,91.91666666666669,0.0,,6.0,
2023-07-21 12:14:02-04:00,271.0,258.0,684.0,12:14:02,577.5384615384615,684.0,1065966494.0,577.5384615384615,26.316666666666666,1016.225,91.83333333333331,0.0,,6.0,
2023-07-21 12:37:31-04:00,279.0,255.0,421.0,12:37:31,584.5,421.0,1065966517.0,584.5,26.316666666666666,1016.225,91.83333333333331,0.0,,6.0,
2023-07-21 13:01:01-04:00,257.0,247.0,732.0,13:01:01,570.0666666666667,732.0,1065966541.0,570.0666666666667,25.98333333333333,1015.7833333333333,92.0,0.08333333333333333,,6.0,
2023-07-21 13:24:30-04:00,264.0,243.0,389.0,13:24:30,565.5714285714286,389.0,1065966564.0,565.5714285714286,25.98333333333333,1015.7833333333333,92.0,0.08333333333333333,,6.0,
2023-07-21 13:48:00-04:00,323.0,295.0,239.0,13:48:00,560.0,239.0,1065966588.0,560.0,25.98333333333333,1015.7833333333333,92.0,0.08333333333333333,,6.0,
2023-07-21 14:11:30-04:00,278.0,262.0,480.0,14:11:30,545.9166666666666,480.0,1065966611.0,545.9166666666666,25.83333333333333,1016.0333333333333,92.66666666666669,6.833333333333332,,6.0,
2023-07-21 14:34:59-04:00,278.0,263.0,349.0,14:34:59,519.9090909090909,349.0,1065966634.0,519.9090909090909,25.83333333333333,1016.0333333333333,92.66666666666669,6.833333333333332,,6.0,
2023-07-21 14:58:28-04:00,292.0,268.0,729.0,14:58:28,506.6,729.0,1065966658.0,506.6,25.83333333333333,1016.0333333333333,92.66666666666669,6.833333333333332,,6.0,
2023-07-21 15:21:57-04:00,264.0,231.0,675.0,15:21:57,486.8888888888889,675.0,1065966681.0,486.8888888888889,26.575,1016.8333333333336,91.66666666666669,119.0,,6.0,
2023-07-21 15:45:26-04:00,261.0,247.0,368.0,15:45:26,495.125,368.0,1065966705.0,495.125,26.575,1016.8333333333336,91.66666666666669,119.0,,6.0,
2023-07-22 10:04:21-04:00,186.0,170.0,349.0,10:04:21,766.1428571428571,349.0,1065967804.0,766.1428571428571,24.325,1014.15,89.83333333333331,0.0,,6.0,
2023-07-22 10:27:46-04:00,174.0,158.0,714.0,10:27:46,786.625,714.0,1065967827.0,786.625,24.325,1014.15,89.83333333333331,0.0,,6.0,
2023-07-22 10:51:13-04:00,242.0,223.0,642.0,10:51:13,791.6666666666666,642.0,1065967851.0,791.6666666666666,24.325,1014.15,89.83333333333331,0.0,,6.0,
2023-07-22 11:14:31-04:00,271.0,256.0,846.0,11:14:31,788.4,846.0,1065967874.0,788.4,24.40833333333333,1014.25,88.91666666666669,0.16666666666666666,,6.0,
2023-07-22 11:37:58-04:00,291.0,269.0,1016.0,11:37:58,817.0909090909091,1016.0,1065967897.0,817.0909090909091,24.40833333333333,1014.25,88.91666666666669,0.16666666666666666,,6.0,
2023-07-22 12:24:54-04:00,331.0,298.0,960.0,12:24:54,821.0,960.0,1065967944.0,821.0,24.48333333333333,1014.4416666666666,89.25,0.0,,6.0,
2023-07-22 12:48:22-04:00,304.0,274.0,836.0,12:48:22,826.4285714285714,836.0,1065967968.0,826.4285714285714,24.48333333333333,1014.4416666666666,89.25,0.0,,6.0,
2023-07-22 13:11:50-04:00,322.0,295.0,930.0,13:11:50,867.1428571428571,930.0,1065967991.0,867.1428571428571,24.258333333333336,1014.5166666666668,90.83333333333331,0.0,,6.0,
2023-07-22 13:35:18-04:00,357.0,325.0,832.0,13:35:18,878.9230769230769,832.0,1065968015.0,878.9230769230769,24.258333333333336,1014.5166666666668,90.83333333333331,0.0,,6.0,
2023-07-22 13:58:46-04:00,302.0,279.0,759.0,13:58:46,898.6666666666666,759.0,1065968038.0,898.6666666666666,24.258333333333336,1014.5166666666668,90.83333333333331,0.0,,6.0,
2023-07-22 14:22:15-04:00,343.0,314.0,1104.0,14:22:15,903.4545454545455,1104.0,1065968062.0,903.4545454545455,24.07500000000001,1014.4,91.08333333333331,6.666666666666668,,6.0,
2023-07-22 14:45:44-04:00,283.0,270.0,942.0,14:45:44,892.2,942.0,1065968085.0,892.2,24.07500000000001,1014.4,91.08333333333331,6.666666666666668,,6.0,
2023-07-22 15:09:13-04:00,278.0,252.0,743.0,15:09:13,892.2,743.0,1065968109.0,892.2,24.575,1014.5916666666667,90.16666666666669,122.25,,6.0,
2023-07-22 15:32:42-04:00,317.0,284.0,897.0,15:32:42,884.6666666666666,897.0,1065968132.0,884.6666666666666,24.575,1014.5916666666667,90.16666666666669,122.25,,6.0,
2023-07-22 15:56:11-04:00,273.0,244.0,919.0,15:56:11,890.75,919.0,1065968156.0,890.75,24.575,1014.5916666666667,90.16666666666669,122.25,,6.0,
2023-07-23 10:14:35-04:00,266.0,231.0,689.0,10:14:35,807.875,689.0,1065969254.0,807.875,24.508333333333336,1014.7583333333333,91.91666666666669,0.0,,6.0,
2023-07-23 10:38:01-04:00,234.0,222.0,813.0,10:38:01,859.5555555555555,813.0,1065969278.0,859.5555555555555,24.508333333333336,1014.7583333333333,91.91666666666669,0.0,,6.0,
2023-07-23 11:01:27-04:00,293.0,251.0,681.0,11:01:27,864.8,681.0,1065969301.0,864.8,24.45833333333333,1015.075,92.0,0.0,,6.0,
2023-07-23 11:25:05-04:00,309.0,263.0,924.0,11:25:05,858.4545454545455,924.0,1065969325.0,858.4545454545455,24.45833333333333,1015.075,92.0,0.0,,6.0,
2023-07-23 11:48:33-04:00,318.0,284.0,652.0,11:48:33,863.6666666666666,652.0,1065969348.0,863.6666666666666,24.45833333333333,1015.075,92.0,0.0,,6.0,
2023-07-23 12:12:01-04:00,376.0,351.0,1107.0,12:12:01,873.2307692307693,1107.0,1065969372.0,873.2307692307693,24.366666666666664,1015.1833333333334,93.0,0.3333333333333333,,6.0,
2023-07-23 12:35:46-04:00,342.0,316.0,724.0,12:35:46,878.3571428571429,724.0,1065969395.0,878.3571428571429,24.366666666666664,1015.1833333333334,93.0,0.3333333333333333,,6.0,
2023-07-23 12:59:14-04:00,131.0,87.0,873.0,12:59:14,879.2666666666667,873.0,1065969419.0,879.2666666666667,24.366666666666664,1015.1833333333334,93.0,0.3333333333333333,,6.0,
2023-07-23 13:22:42-04:00,358.0,329.0,1273.0,13:22:42,892.8571428571429,1273.0,1065969442.0,892.8571428571429,24.325,1015.55,93.0,0.0,,6.0,
2023-07-23 13:46:11-04:00,396.0,366.0,912.0,13:46:11,899.0,912.0,1065969466.0,899.0,24.325,1015.55,93.0,0.0,,6.0,
2023-07-23 14:09:30-04:00,335.0,309.0,795.0,14:09:30,917.1666666666666,795.0,1065969489.0,917.1666666666666,24.191666666666666,1015.85,93.0,3.5,,6.0,
2023-07-23 14:32:58-04:00,123.0,105.0,921.0,14:32:58,916.5454545454545,921.0,1065969512.0,916.5454545454545,24.191666666666666,1015.85,93.0,3.5,,6.0,
2023-07-23 14:56:26-04:00,364.0,331.0,988.0,14:56:26,943.0,988.0,1065969536.0,943.0,24.191666666666666,1015.85,93.0,3.5,,6.0,
2023-07-23 15:19:54-04:00,129.0,99.0,945.0,15:19:54,924.7777777777778,945.0,1065969559.0,924.7777777777778,24.891666666666666,1016.6333333333333,91.5,103.41666666666669,,6.0,
2023-07-23 15:43:21-04:00,327.0,293.0,892.0,15:43:21,949.875,892.0,1065969583.0,949.875,24.891666666666666,1016.6333333333333,91.5,103.41666666666669,,6.0,
2023-07-24 10:01:07-04:00,245.0,211.0,845.0,10:01:07,943.625,845.0,1065970681.0,943.625,24.68333333333333,1018.4833333333332,88.91666666666669,0.0,,6.0,
2023-07-24 10:24:33-04:00,238.0,218.0,772.0,10:24:33,916.3333333333334,772.0,1065970704.0,916.3333333333334,24.68333333333333,1018.4833333333332,88.91666666666669,0.0,,6.0,
2023-07-24 10:48:00-04:00,279.0,269.0,740.0,10:48:00,964.0,740.0,1065970728.0,964.0,24.68333333333333,1018.4833333333332,88.91666666666669,0.0,,6.0,
2023-07-24 11:11:27-04:00,341.0,297.0,827.0,11:11:27,954.4545454545455,827.0,1065970751.0,954.4545454545455,24.441666666666666,1018.5666666666666,89.25,0.08333333333333333,,6.0,
2023-07-24 11:34:55-04:00,320.0,299.0,1014.0,11:34:55,934.25,1014.0,1065970774.0,934.25,24.441666666666666,1018.5666666666666,89.25,0.08333333333333333,,6.0,
2023-07-24 11:58:23-04:00,359.0,336.0,998.0,11:58:23,943.3076923076923,998.0,1065970798.0,943.3076923076923,24.441666666666666,1018.5666666666666,89.25,0.08333333333333333,,6.0,
2023-07-24 12:21:52-04:00,143.0,122.0,1243.0,12:21:52,950.7142857142857,1243.0,1065970821.0,950.7142857142857,24.29166666666667,1018.5833333333336,90.08333333333331,0.0,,6.0,
2023-07-24 12:45:19-04:00,190.0,100.0,1110.0,12:45:19,971.5333333333333,1110.0,1065970845.0,971.5333333333333,24.29166666666667,1018.5833333333336,90.08333333333331,0.0,,6.0,
2023-07-24 13:08:46-04:00,343.0,308.0,698.0,13:08:46,991.6666666666666,698.0,1065970868.0,991.6666666666666,24.18333333333333,1018.8,89.91666666666669,0.0,,6.0,
2023-07-24 13:32:13-04:00,162.0,137.0,1393.0,13:32:13,1007.3571428571429,1393.0,1065970892.0,1007.3571428571429,24.18333333333333,1018.8,89.91666666666669,0.0,,6.0,
2023-07-24 13:55:41-04:00,99.0,70.0,859.0,13:55:41,1027.923076923077,859.0,1065970915.0,1027.923076923077,24.18333333333333,1018.8,89.91666666666669,0.0,,6.0,
2023-07-24 14:19:09-04:00,365.0,324.0,712.0,14:19:09,1044.6666666666667,712.0,1065970939.0,1044.6666666666667,24.05833333333333,1019.2916666666664,90.16666666666669,5.5,,6.0,
2023-07-24 14:42:37-04:00,315.0,294.0,1052.0,14:42:37,1047.4545454545455,1052.0,1065970962.0,1047.4545454545455,24.05833333333333,1019.2916666666664,90.16666666666669,5.5,,6.0,
2023-07-24 15:06:05-04:00,336.0,300.0,1047.0,15:06:05,1052.4,1047.0,1065970986.0,1052.4,24.96666666666667,1019.925,89.08333333333331,99.41666666666669,,6.0,
2023-07-24 15:29:34-04:00,310.0,283.0,1263.0,15:29:34,1031.2222222222222,1263.0,1065971009.0,1031.2222222222222,24.96666666666667,1019.925,89.08333333333331,99.41666666666669,,6.0,
2023-07-24 15:53:03-04:00,312.0,278.0,1147.0,15:53:03,1021.375,1147.0,1065971033.0,1021.375,24.96666666666667,1019.925,89.08333333333331,99.41666666666669,,6.0,
2023-07-25 10:11:41-04:00,261.0,229.0,1061.0,10:11:41,1114.0,1061.0,1065972131.0,1114.0,25.10833333333333,1020.0833333333336,89.75,0.3333333333333333,,6.0,
2023-07-25 10:35:07-04:00,253.0,226.0,1174.0,10:35:07,1141.3333333333333,1174.0,1065972155.0,1141.3333333333333,25.10833333333333,1020.0833333333336,89.75,0.3333333333333333,,6.0,
2023-07-25 10:58:35-04:00,349.0,307.0,1094.0,10:58:35,1137.7,1094.0,1065972178.0,1137.7,25.10833333333333,1020.0833333333336,89.75,0.3333333333333333,,6.0,
2023-07-25 11:22:03-04:00,382.0,336.0,1166.0,11:22:03,1128.7272727272727,1166.0,1065972202.0,1128.7272727272727,25.225,1020.0583333333334,90.0,0.16666666666666666,,6.0,
2023-07-25 11:45:32-04:00,313.0,299.0,978.0,11:45:32,1121.5,978.0,1065972225.0,1121.5,25.225,1020.0583333333334,90.0,0.16666666666666666,,6.0,
2023-07-25 12:09:00-04:00,375.0,355.0,1084.0,12:09:00,1144.2307692307693,1084.0,1065972249.0,1144.2307692307693,25.075,1019.9333333333334,89.66666666666669,0.16666666666666666,,6.0,
2023-07-25 12:32:46-04:00,367.0,333.0,1334.0,12:32:46,1141.357142857143,1334.0,1065972272.0,1141.357142857143,25.075,1019.9333333333334,89.66666666666669,0.16666666666666666,,6.0,
2023-07-25 12:56:15-04:00,376.0,329.0,1021.0,12:56:15,1130.4666666666667,1021.0,1065972296.0,1130.4666666666667,25.075,1019.9333333333334,89.66666666666669,0.16666666666666666,,6.0,
2023-07-25 13:19:43-04:00,349.0,325.0,1360.0,13:19:43,1135.4285714285713,1360.0,1065972319.0,1135.4285714285713,24.891666666666666,1020.0833333333336,90.0,0.08333333333333333,,6.0,
2023-07-25 13:43:12-04:00,398.0,366.0,1105.0,13:43:12,1132.4615384615386,1105.0,1065972343.0,1132.4615384615386,24.891666666666666,1020.0833333333336,90.0,0.08333333333333333,,6.0,
2023-07-25 14:06:40-04:00,355.0,318.0,1039.0,14:06:40,1135.6666666666667,1039.0,1065972366.0,1135.6666666666667,24.991666666666664,1020.4,90.0,5.166666666666667,,6.0,
2023-07-25 14:30:09-04:00,464.0,381.0,1042.0,14:30:09,1132.909090909091,1042.0,1065972390.0,1132.909090909091,24.991666666666664,1020.4,90.0,5.166666666666667,,6.0,
2023-07-25 14:53:37-04:00,382.0,318.0,1417.0,14:53:37,1148.4,1417.0,1065972413.0,1148.4,24.991666666666664,1020.4,90.0,5.166666666666667,,6.0,
2023-07-25 15:17:06-04:00,127.0,57.0,1104.0,15:17:06,1155.5555555555557,1104.0,1065972437.0,1155.5555555555557,25.825,1020.8666666666667,89.16666666666669,97.58333333333331,,6.0,
2023-07-25 15:40:32-04:00,84.0,46.0,978.0,15:40:32,1133.25,978.0,1065972460.0,1133.25,25.825,1020.8666666666667,89.16666666666669,97.58333333333331,,6.0,
2023-07-26 10:21:32-04:00,270.0,242.0,1123.0,10:21:32,1036.0,1123.0,1065973581.0,1036.0,24.20833333333333,1018.7416666666667,88.16666666666669,0.4166666666666667,,6.0,
2023-07-26 10:44:59-04:00,313.0,281.0,966.0,10:44:59,1059.0,966.0,1065973604.0,1059.0,24.20833333333333,1018.7416666666667,88.16666666666669,0.4166666666666667,,6.0,
2023-07-26 11:08:27-04:00,317.0,289.0,1086.0,11:08:27,1037.9,1086.0,1065973628.0,1037.9,24.28333333333333,1018.3833333333333,89.58333333333331,0.6666666666666666,,6.0,
2023-07-26 11:31:56-04:00,218.0,184.0,878.0,11:31:56,1042.3636363636363,878.0,1065973651.0,1042.3636363636363,24.28333333333333,1018.3833333333333,89.58333333333331,0.6666666666666666,,6.0,
2023-07-26 11:55:23-04:00,243.0,183.0,1116.0,11:55:23,1070.9166666666667,1116.0,1065973675.0,1070.9166666666667,24.28333333333333,1018.3833333333333,89.58333333333331,0.6666666666666666,,6.0,
2023-07-26 12:18:49-04:00,319.0,281.0,1147.0,12:18:49,1063.1538461538462,1147.0,1065973698.0,1063.1538461538462,24.21666666666667,1018.325,88.83333333333331,0.25,,6.0,
2023-07-26 12:42:17-04:00,379.0,352.0,922.0,12:42:17,1079.0714285714287,922.0,1065973722.0,1079.0714285714287,24.21666666666667,1018.325,88.83333333333331,0.25,,6.0,
2023-07-26 13:05:46-04:00,251.0,191.0,1050.0,13:05:46,1078.7333333333333,1050.0,1065973745.0,1078.7333333333333,24.09166666666667,1018.525,87.33333333333331,1.0,,6.0,
2023-07-26 13:29:14-04:00,372.0,335.0,1243.0,13:29:14,1075.5714285714287,1243.0,1065973769.0,1075.5714285714287,24.09166666666667,1018.525,87.33333333333331,1.0,,6.0,
2023-07-26 13:52:43-04:00,368.0,338.0,848.0,13:52:43,1084.0,848.0,1065973792.0,1084.0,24.09166666666667,1018.525,87.33333333333331,1.0,,6.0,
2023-07-26 14:16:12-04:00,285.0,235.0,1087.0,14:16:12,1083.8333333333333,1087.0,1065973816.0,1083.8333333333333,24.516666666666666,1018.9416666666666,88.16666666666669,3.9166666666666665,,6.0,
2023-07-26 14:39:39-04:00,273.0,245.0,1385.0,14:39:39,1102.5454545454545,1385.0,1065973839.0,1102.5454545454545,24.516666666666666,1018.9416666666666,88.16666666666669,3.9166666666666665,,6.0,
2023-07-26 15:03:07-04:00,210.0,176.0,970.0,15:03:07,1101.2,970.0,1065973863.0,1101.2,25.41666666666667,1019.3333333333336,88.41666666666669,70.41666666666667,,6.0,
2023-07-26 15:26:35-04:00,407.0,378.0,1286.0,15:26:35,1096.111111111111,1286.0,1065973886.0,1096.111111111111,25.41666666666667,1019.3333333333336,88.41666666666669,70.41666666666667,,6.0,
2023-07-26 15:50:03-04:00,357.0,360.0,1074.0,15:50:03,1117.875,1074.0,1065973910.0,1117.875,25.41666666666667,1019.3333333333336,88.41666666666669,70.41666666666667,,6.0,
2023-07-27 10:08:33-04:00,108.0,77.0,908.0,10:08:33,1032.875,908.0,1065975008.0,1032.875,25.758333333333336,1017.175,89.08333333333331,0.16666666666666666,,6.0,
2023-07-27 10:31:55-04:00,120.0,75.0,983.0,10:31:55,1036.6666666666667,983.0,1065975031.0,1036.6666666666667,25.758333333333336,1017.175,89.08333333333331,0.16666666666666666,,6.0,
2023-07-27 10:55:17-04:00,114.0,92.0,1059.0,10:55:17,1023.7,1059.0,1065975055.0,1023.7,25.758333333333336,1017.175,89.08333333333331,0.16666666666666666,,6.0,
2023-07-27 11:18:40-04:00,158.0,119.0,1006.0,11:18:40,1046.1818181818182,1006.0,1065975078.0,1046.1818181818182,25.525,1016.475,90.41666666666669,0.0,,6.0,
2023-07-27 11:42:03-04:00,216.0,193.0,1141.0,11:42:03,1084.75,1141.0,1065975102.0,1084.75,25.525,1016.475,90.41666666666669,0.0,,6.0,
2023-07-27 12:05:28-04:00,378.0,338.0,1214.0,12:05:28,1100.4615384615386,1214.0,1065975125.0,1100.4615384615386,25.45833333333333,1016.1416666666668,90.33333333333331,0.25,,6.0,
2023-07-27 12:28:53-04:00,153.0,111.0,908.0,12:28:53,1091.5714285714287,908.0,1065975148.0,1091.5714285714287,25.45833333333333,1016.1416666666668,90.33333333333331,0.25,,6.0,
2023-07-27 12:52:16-04:00,163.0,113.0,1044.0,12:52:16,1114.1333333333334,1044.0,1065975172.0,1114.1333333333334,25.45833333333333,1016.1416666666668,90.33333333333331,0.25,,6.0,
2023-07-27 13:15:41-04:00,283.0,204.0,1067.0,13:15:41,1130.8,1067.0,1065975195.0,1130.8,25.30833333333333,1016.2666666666668,90.5,0.08333333333333333,,6.0,
2023-07-27 13:39:07-04:00,368.0,325.0,907.0,13:39:07,1141.357142857143,907.0,1065975219.0,1141.357142857143,25.30833333333333,1016.2666666666668,90.5,0.08333333333333333,,6.0,
2023-07-27 14:02:35-04:00,344.0,315.0,1271.0,14:02:35,1147.6923076923076,1271.0,1065975242.0,1147.6923076923076,25.09166666666667,1016.7666666666668,90.16666666666669,2.833333333333333,,6.0,
2023-07-27 14:26:01-04:00,247.0,186.0,1509.0,14:26:01,1159.5,1509.0,1065975266.0,1159.5,25.09166666666667,1016.7666666666668,90.16666666666669,2.833333333333333,,6.0,
2023-07-27 14:49:27-04:00,193.0,151.0,1289.0,14:49:27,1161.1818181818182,1289.0,1065975289.0,1161.1818181818182,25.09166666666667,1016.7666666666668,90.16666666666669,2.833333333333333,,6.0,
2023-07-27 15:12:53-04:00,348.0,330.0,976.0,15:12:53,1155.9,976.0,1065975312.0,1155.9,25.03333333333333,1017.3583333333332,90.41666666666669,28.83333333333333,,6.0,
2023-07-27 15:36:21-04:00,320.0,283.0,1430.0,15:36:21,1183.4444444444443,1430.0,1065975336.0,1183.4444444444443,25.03333333333333,1017.3583333333332,90.41666666666669,28.83333333333333,,6.0,
2023-07-27 15:59:49-04:00,150.0,119.0,1158.0,15:59:49,1200.875,1158.0,1065975359.0,1200.875,25.03333333333333,1017.3583333333332,90.41666666666669,28.83333333333333,,6.0,
2023-07-28 10:17:54-04:00,492.0,429.0,1442.0,10:17:54,1034.7142857142858,1442.0,1065976457.0,1034.7142857142858,25.25,1017.9,89.83333333333331,0.0,,6.0,
2023-07-28 10:41:20-04:00,264.0,226.0,949.0,10:41:20,1100.75,949.0,1065976481.0,1100.75,25.25,1017.9,89.83333333333331,0.0,,6.0,
2023-07-28 11:28:14-04:00,239.0,179.0,760.0,11:28:14,1148.7,760.0,1065976528.0,1148.7,25.075,1017.875,91.0,0.16666666666666666,,6.0,
2023-07-28 11:51:41-04:00,351.0,328.0,896.0,11:51:41,1133.6363636363637,896.0,1065976551.0,1133.6363636363637,25.075,1017.875,91.0,0.16666666666666666,,6.0,
2023-07-28 12:15:09-04:00,344.0,322.0,1007.0,12:15:09,1128.5833333333333,1007.0,1065976575.0,1128.5833333333333,24.98333333333333,1017.7416666666667,91.0,0.08333333333333333,,6.0,
2023-07-28 12:38:36-04:00,358.0,254.0,1149.0,12:38:36,1116.1538461538462,1149.0,1065976598.0,1116.1538461538462,24.98333333333333,1017.7416666666667,91.0,0.08333333333333333,,6.0,
2023-07-28 13:02:01-04:00,326.0,313.0,1040.0,13:02:01,1107.5,1040.0,1065976622.0,1107.5,24.7,1017.8583333333332,91.0,0.25,,6.0,
2023-07-28 13:25:28-04:00,305.0,254.0,1563.0,13:25:28,1081.7692307692307,1563.0,1065976645.0,1081.7692307692307,24.7,1017.8583333333332,91.0,0.25,,6.0,
2023-07-28 13:48:56-04:00,67.0,48.0,1000.0,13:48:56,1092.8333333333333,1000.0,1065976668.0,1092.8333333333333,24.7,1017.8583333333332,91.0,0.25,,6.0,
2023-07-28 14:12:21-04:00,46.0,10.0,1681.0,14:12:21,1092.8333333333333,1681.0,1065976692.0,1092.8333333333333,24.6,1018.5166666666668,91.33333333333331,3.5,,6.0,
2023-07-28 14:35:45-04:00,37.0,3.0,983.0,14:35:45,1123.090909090909,983.0,1065976715.0,1123.090909090909,24.6,1018.5166666666668,91.33333333333331,3.5,,6.0,
2023-07-28 14:59:06-04:00,31.0,7.0,1073.0,14:59:06,1145.8,1073.0,1065976739.0,1145.8,24.6,1018.5166666666668,91.33333333333331,3.5,,6.0,
2023-07-28 15:22:27-04:00,28.0,5.0,967.0,15:22:27,1161.2222222222222,967.0,1065976762.0,1161.2222222222222,25.9,1019.2583333333333,89.0,98.08333333333331,,6.0,
2023-07-28 15:45:56-04:00,22.0,8.0,995.0,15:45:56,1162.75,995.0,1065976785.0,1162.75,25.9,1019.2583333333333,89.0,98.08333333333331,,6.0,
2023-07-29 10:03:24-04:00,83.0,57.0,1194.0,10:03:24,1331.125,1194.0,1065977883.0,1331.125,25.84166666666667,1019.6,91.66666666666669,0.3333333333333333,,6.0,
2023-07-29 10:26:49-04:00,249.0,224.0,1141.0,10:26:49,1316.3333333333333,1141.0,1065977906.0,1316.3333333333333,25.84166666666667,1019.6,91.66666666666669,0.3333333333333333,,6.0,
2023-07-29 10:50:15-04:00,84.0,53.0,999.0,10:50:15,1328.1,999.0,1065977930.0,1328.1,25.84166666666667,1019.6,91.66666666666669,0.3333333333333333,,6.0,
2023-07-29 11:13:41-04:00,123.0,74.0,1290.0,11:13:41,1308.0,1290.0,1065977953.0,1308.0,25.925,1018.65,91.41666666666669,0.25,,6.0,
2023-07-29 11:37:08-04:00,138.0,94.0,1133.0,11:37:08,1313.0833333333333,1133.0,1065977977.0,1313.0833333333333,25.925,1018.65,91.41666666666669,0.25,,6.0,
2023-07-29 12:00:36-04:00,338.0,290.0,1105.0,12:00:36,1333.6923076923076,1105.0,1065978000.0,1333.6923076923076,25.95833333333333,1018.4333333333334,92.0,0.0,,6.0,
2023-07-29 12:24:04-04:00,319.0,289.0,2541.0,12:24:04,1334.857142857143,2541.0,1065978024.0,1334.857142857143,25.95833333333333,1018.4333333333334,92.0,0.0,,6.0,
2023-07-29 12:47:32-04:00,283.0,259.0,1246.0,12:47:32,1330.4,1246.0,1065978047.0,1330.4,25.95833333333333,1018.4333333333334,92.0,0.0,,6.0,
2023-07-29 13:11:00-04:00,311.0,255.0,1198.0,13:11:00,1356.1333333333334,1198.0,1065978071.0,1356.1333333333334,25.73333333333333,1018.8,92.0,0.0,,6.0,
2023-07-29 13:34:28-04:00,200.0,181.0,1434.0,13:34:28,1371.5,1434.0,1065978094.0,1371.5,25.73333333333333,1018.8,92.0,0.0,,6.0,
2023-07-29 13:57:56-04:00,365.0,338.0,1107.0,13:57:56,1400.1538461538462,1107.0,1065978117.0,1400.1538461538462,25.73333333333333,1018.8,92.0,0.0,,6.0,
2023-07-29 14:21:25-04:00,419.0,368.0,1369.0,14:21:25,1409.3333333333333,1369.0,1065978141.0,1409.3333333333333,25.758333333333336,1019.2,92.0,3.5,,6.0,
2023-07-29 14:44:53-04:00,468.0,377.0,1581.0,14:44:53,1434.4545454545455,1581.0,1065978164.0,1434.4545454545455,25.758333333333336,1019.2,92.0,3.5,,6.0,
2023-07-29 15:08:23-04:00,355.0,319.0,1350.0,15:08:23,1467.4,1350.0,1065978188.0,1467.4,26.33333333333333,1019.775,92.5,66.83333333333333,,6.0,
2023-07-29 15:31:52-04:00,195.0,174.0,1268.0,15:31:52,1348.111111111111,1268.0,1065978211.0,1348.111111111111,26.33333333333333,1019.775,92.5,66.83333333333333,,6.0,
2023-07-29 15:55:19-04:00,114.0,68.0,1580.0,15:55:19,1360.875,1580.0,1065978235.0,1360.875,26.33333333333333,1019.775,92.5,66.83333333333333,,6.0,
2023-07-30 10:13:41-04:00,240.0,217.0,873.0,10:13:41,1138.125,873.0,1065979333.0,1138.125,26.65,1017.55,90.0,0.0,,6.0,
2023-07-30 10:37:07-04:00,283.0,242.0,828.0,10:37:07,1190.6666666666667,828.0,1065979357.0,1190.6666666666667,26.65,1017.55,90.0,0.0,,6.0,
2023-07-30 11:00:34-04:00,313.0,277.0,1547.0,11:00:34,1215.9,1547.0,1065979380.0,1215.9,26.366666666666664,1017.0166666666668,90.66666666666669,0.08333333333333333,,6.0,
2023-07-30 11:24:01-04:00,212.0,191.0,876.0,11:24:01,1193.0,876.0,1065979404.0,1193.0,26.366666666666664,1017.0166666666668,90.66666666666669,0.08333333333333333,,6.0,
2023-07-30 11:47:29-04:00,155.0,119.0,1088.0,11:47:29,1178.0,1088.0,1065979427.0,1178.0,26.366666666666664,1017.0166666666668,90.66666666666669,0.08333333333333333,,6.0,
2023-07-30 12:10:57-04:00,382.0,332.0,1499.0,12:10:57,1160.8461538461538,1499.0,1065979450.0,1160.8461538461538,26.325,1016.7083333333336,91.08333333333331,0.16666666666666666,,6.0,
2023-07-30 12:34:25-04:00,368.0,317.0,1349.0,12:34:25,1182.5,1349.0,1065979474.0,1182.5,26.325,1016.7083333333336,91.08333333333331,0.16666666666666666,,6.0,
2023-07-30 12:57:53-04:00,267.0,205.0,1045.0,12:57:53,1190.8666666666666,1045.0,1065979497.0,1190.8666666666666,26.325,1016.7083333333336,91.08333333333331,0.16666666666666666,,6.0,
2023-07-30 13:21:22-04:00,381.0,353.0,1611.0,13:21:22,1213.5714285714287,1611.0,1065979521.0,1213.5714285714287,25.80833333333333,1016.875,91.41666666666669,0.3333333333333333,,6.0,
2023-07-30 13:44:51-04:00,392.0,358.0,1443.0,13:44:51,1243.2307692307693,1443.0,1065979544.0,1243.2307692307693,25.80833333333333,1016.875,91.41666666666669,0.3333333333333333,,6.0,
2023-07-30 14:08:19-04:00,277.0,236.0,964.0,14:08:19,1217.9166666666667,964.0,1065979568.0,1217.9166666666667,25.625,1017.1833333333334,92.0,3.583333333333333,,6.0,
2023-07-30 14:31:48-04:00,341.0,317.0,1013.0,14:31:48,1249.0,1013.0,1065979591.0,1249.0,25.625,1017.1833333333334,92.0,3.583333333333333,,6.0,
2023-07-30 14:55:18-04:00,374.0,343.0,955.0,14:55:18,1265.1,955.0,1065979615.0,1265.1,25.625,1017.1833333333334,92.0,3.583333333333333,,6.0,
2023-07-30 15:18:45-04:00,392.0,321.0,1464.0,15:18:45,1239.111111111111,1464.0,1065979638.0,1239.111111111111,26.3,1017.5833333333336,90.75,82.58333333333333,,6.0,
2023-07-30 15:42:13-04:00,131.0,82.0,1308.0,15:42:13,1225.375,1308.0,1065979662.0,1225.375,26.3,1017.5833333333336,90.75,82.58333333333333,,6.0,
2023-07-31 10:00:20-04:00,258.0,212.0,1712.0,10:00:20,1343.5,1712.0,1065980760.0,1343.5,25.83333333333333,1015.9083333333333,86.58333333333331,0.0,,6.0,
2023-07-31 10:23:45-04:00,233.0,184.0,1457.0,10:23:45,1321.111111111111,1457.0,1065980783.0,1321.111111111111,25.83333333333333,1015.9083333333333,86.58333333333331,0.0,,6.0,
2023-07-31 10:47:11-04:00,319.0,276.0,1171.0,10:47:11,1421.3,1171.0,1065980807.0,1421.3,25.83333333333333,1015.9083333333333,86.58333333333331,0.0,,6.0,
2023-07-31 11:10:39-04:00,278.0,257.0,1212.0,11:10:39,1408.7272727272727,1212.0,1065980830.0,1408.7272727272727,25.575,1014.95,87.66666666666669,0.0,,6.0,
2023-07-31 11:34:06-04:00,299.0,276.0,1107.0,11:34:06,1415.25,1107.0,1065980854.0,1415.25,25.575,1014.95,87.66666666666669,0.0,,6.0,
2023-07-31 11:57:34-04:00,375.0,334.0,1068.0,11:57:34,1416.2307692307693,1068.0,1065980877.0,1416.2307692307693,25.575,1014.95,87.66666666666669,0.0,,6.0,
2023-07-31 12:21:02-04:00,407.0,357.0,1608.0,12:21:02,1391.0714285714287,1608.0,1065980901.0,1391.0714285714287,24.93333333333333,1014.5416666666664,90.41666666666669,0.16666666666666666,,6.0,
2023-07-31 12:44:31-04:00,164.0,131.0,1413.0,12:44:31,1382.3333333333333,1413.0,1065980924.0,1382.3333333333333,24.93333333333333,1014.5416666666664,90.41666666666669,0.16666666666666666,,6.0,
2023-07-31 13:07:59-04:00,429.0,387.0,1142.0,13:07:59,1402.2,1142.0,1065980947.0,1402.2,24.575,1014.6083333333332,91.33333333333331,0.0,,6.0,
2023-07-31 13:31:28-04:00,399.0,361.0,2323.0,13:31:28,1398.2857142857142,2323.0,1065980971.0,1398.2857142857142,24.575,1014.6083333333332,91.33333333333331,0.0,,6.0,
2023-07-31 13:54:57-04:00,411.0,358.0,1283.0,13:54:57,1415.7692307692307,1283.0,1065980994.0,1415.7692307692307,24.575,1014.6083333333332,91.33333333333331,0.0,,6.0,
2023-07-31 14:18:25-04:00,111.0,67.0,1487.0,14:18:25,1432.75,1487.0,1065981018.0,1432.75,24.53333333333333,1015.05,91.91666666666669,2.9166666666666665,,6.0,
2023-07-31 14:41:54-04:00,416.0,345.0,1428.0,14:41:54,1462.3636363636363,1428.0,1065981041.0,1462.3636363636363,24.53333333333333,1015.05,91.91666666666669,2.9166666666666665,,6.0,
2023-07-31 15:05:22-04:00,342.0,309.0,1064.0,15:05:22,1501.8,1064.0,1065981065.0,1501.8,25.258333333333336,1015.9666666666667,90.58333333333331,60.41666666666666,,6.0,
2023-07-31 15:28:50-04:00,82.0,41.0,1260.0,15:28:50,1490.0,1260.0,1065981088.0,1490.0,25.258333333333336,1015.9666666666667,90.58333333333331,60.41666666666666,,6.0,
2023-07-31 15:52:14-04:00,99.0,44.0,2010.0,15:52:14,1499.625,2010.0,1065981112.0,1499.625,25.258333333333336,1015.9666666666667,90.58333333333331,60.41666666666666,,6.0,
2023-08-01 10:11:01-04:00,275.0,215.0,1350.0,10:11:01,1254.875,1350.0,1065982211.0,1254.875,23.0,1016.0666666666666,93.58333333333331,0.0,,6.0,
2023-08-01 10:34:33-04:00,295.0,250.0,1235.0,10:34:33,1252.4444444444443,1235.0,1065982234.0,1252.4444444444443,23.0,1016.0666666666666,93.58333333333331,0.0,,6.0,
2023-08-01 10:58:15-04:00,241.0,221.0,1214.0,10:58:15,1324.8,1214.0,1065982258.0,1324.8,23.0,1016.0666666666666,93.58333333333331,0.0,,6.0,
2023-08-01 11:21:48-04:00,294.0,251.0,1461.0,11:21:48,1326.909090909091,1461.0,1065982281.0,1326.909090909091,23.0,1015.8583333333332,92.91666666666669,0.0,,6.0,
2023-08-01 11:45:33-04:00,293.0,271.0,1109.0,11:45:33,1345.25,1109.0,1065982305.0,1345.25,23.0,1015.8583333333332,92.91666666666669,0.0,,6.0,
2023-08-01 12:09:17-04:00,333.0,298.0,1301.0,12:09:17,1380.3076923076924,1301.0,1065982329.0,1380.3076923076924,23.016666666666666,1016.0333333333333,91.83333333333331,0.25,,6.0,
2023-08-01 12:33:02-04:00,347.0,301.0,1219.0,12:33:02,1394.0,1219.0,1065982353.0,1394.0,23.016666666666666,1016.0333333333333,91.83333333333331,0.25,,6.0,
2023-08-01 12:56:30-04:00,364.0,338.0,1150.0,12:56:30,1407.0666666666666,1150.0,1065982376.0,1407.0666666666666,23.016666666666666,1016.0333333333333,91.83333333333331,0.25,,6.0,
2023-08-01 13:20:06-04:00,163.0,91.0,1233.0,13:20:06,1411.142857142857,1233.0,1065982400.0,1411.142857142857,23.008333333333336,1016.4083333333333,91.83333333333331,0.3333333333333333,,6.0,
2023-08-01 13:43:49-04:00,381.0,338.0,1976.0,13:43:49,1424.6923076923076,1976.0,1065982423.0,1424.6923076923076,23.008333333333336,1016.4083333333333,91.83333333333331,0.3333333333333333,,6.0,
2023-08-01 14:07:27-04:00,122.0,78.0,1348.0,14:07:27,1442.25,1348.0,1065982447.0,1442.25,23.066666666666666,1016.8416666666667,91.66666666666669,2.75,,6.0,
2023-08-01 14:31:04-04:00,349.0,306.0,1547.0,14:31:04,1440.5454545454545,1547.0,1065982471.0,1440.5454545454545,23.066666666666666,1016.8416666666667,91.66666666666669,2.75,,6.0,
2023-08-01 14:55:18-04:00,404.0,303.0,1801.0,14:55:18,1473.7,1801.0,1065982495.0,1473.7,23.066666666666666,1016.8416666666667,91.66666666666669,2.75,,6.0,
2023-08-01 15:18:45-04:00,301.0,265.0,1572.0,15:18:45,1492.888888888889,1572.0,1065982518.0,1492.888888888889,24.05,1017.25,89.33333333333331,94.08333333333331,,6.0,
2023-08-01 15:42:21-04:00,313.0,281.0,1590.0,15:42:21,1527.125,1590.0,1065982542.0,1527.125,24.05,1017.25,89.33333333333331,94.08333333333331,,6.0,
2023-08-02 10:12:33-04:00,330.0,221.0,2194.0,10:12:33,1630.0,2194.0,1065983652.0,1630.0,23.54545454545455,1016.6909090909093,92.45454545454544,0.09090909090909093,,6.0,
2023-08-02 10:35:58-04:00,275.0,236.0,1342.0,10:35:58,1540.2222222222222,1342.0,1065983675.0,1540.2222222222222,23.54545454545455,1016.6909090909093,92.45454545454544,0.09090909090909093,,6.0,
2023-08-02 10:59:24-04:00,280.0,254.0,1150.0,10:59:24,1522.4,1150.0,1065983699.0,1522.4,23.54545454545455,1016.6909090909093,92.45454545454544,0.09090909090909093,,6.0,
2023-08-02 11:22:50-04:00,305.0,268.0,1302.0,11:22:50,1504.4545454545455,1302.0,1065983722.0,1504.4545454545455,23.48333333333333,1016.3833333333333,93.0,0.5833333333333334,,6.0,
2023-08-02 11:46:17-04:00,353.0,289.0,2156.0,11:46:17,1460.1666666666667,2156.0,1065983746.0,1460.1666666666667,23.48333333333333,1016.3833333333333,93.0,0.5833333333333334,,6.0,
2023-08-02 12:09:45-04:00,340.0,292.0,1860.0,12:09:45,1460.6923076923076,1860.0,1065983769.0,1460.6923076923076,23.46666666666667,1016.3833333333333,93.0,0.5,,6.0,
2023-08-02 12:33:33-04:00,319.0,290.0,1725.0,12:33:33,1468.5714285714287,1725.0,1065983793.0,1468.5714285714287,23.46666666666667,1016.3833333333333,93.0,0.5,,6.0,
2023-08-02 12:57:00-04:00,331.0,299.0,1311.0,12:57:00,1477.7333333333333,1311.0,1065983817.0,1477.7333333333333,23.46666666666667,1016.3833333333333,93.0,0.5,,6.0,
2023-08-02 13:20:28-04:00,364.0,329.0,822.0,13:20:28,1426.5714285714287,822.0,1065983840.0,1426.5714285714287,23.59166666666667,1016.5083333333333,92.75,0.0,,6.0,
2023-08-02 13:43:56-04:00,455.0,391.0,1362.0,13:43:56,1433.076923076923,1362.0,1065983863.0,1433.076923076923,23.59166666666667,1016.5083333333333,92.75,0.0,,6.0,
2023-08-02 14:07:24-04:00,338.0,302.0,1325.0,14:07:24,1456.6666666666667,1325.0,1065983887.0,1456.6666666666667,23.80833333333333,1016.625,91.08333333333331,3.083333333333333,,6.0,
2023-08-02 14:30:52-04:00,326.0,304.0,973.0,14:30:52,1470.7272727272727,973.0,1065983910.0,1470.7272727272727,23.80833333333333,1016.625,91.08333333333331,3.083333333333333,,6.0,
2023-08-02 14:54:10-04:00,366.0,307.0,1467.0,14:54:10,1402.2,1467.0,1065983934.0,1402.2,23.80833333333333,1016.625,91.08333333333331,3.083333333333333,,6.0,
2023-08-02 15:17:38-04:00,481.0,372.0,1571.0,15:17:38,1351.3333333333333,1571.0,1065983957.0,1351.3333333333333,24.78333333333333,1017.0666666666666,91.0,80.16666666666667,,6.0,
2023-08-02 15:41:06-04:00,334.0,300.0,1606.0,15:41:06,1304.625,1606.0,1065983981.0,1304.625,24.78333333333333,1017.0666666666666,91.0,80.16666666666667,,6.0,
2023-08-03 10:00:00-04:00,,,,,,,,,,,,,-22.5,,harvest
2023-08-03 10:54:37-04:00,263.0,235.0,840.0,10:54:37,715.375,840.0,1065985134.0,715.375,28.775,1016.8083333333334,81.16666666666667,0.08333333333333333,,6.0,
2023-08-03 11:18:31-04:00,250.0,223.0,996.0,11:18:31,707.6666666666666,996.0,1065985158.0,707.6666666666666,28.79090909090909,1016.4181818181821,80.72727272727273,0.18181818181818185,,6.0,
2023-08-03 11:41:30-04:00,243.0,226.0,824.0,11:41:30,715.6,824.0,1065985181.0,715.6,28.79090909090909,1016.4181818181821,80.72727272727273,0.18181818181818185,,6.0,
2023-08-03 12:04:57-04:00,279.0,247.0,480.0,12:04:57,732.3636363636364,480.0,1065985204.0,732.3636363636364,27.15833333333333,1016.1666666666664,85.58333333333333,0.08333333333333333,,6.0,
2023-08-03 12:28:25-04:00,280.0,263.0,353.0,12:28:25,748.0833333333334,353.0,1065985228.0,748.0833333333334,27.15833333333333,1016.1666666666664,85.58333333333333,0.08333333333333333,,6.0,
2023-08-03 12:51:52-04:00,260.0,244.0,888.0,12:51:52,743.6923076923077,888.0,1065985251.0,743.6923076923077,27.15833333333333,1016.1666666666664,85.58333333333333,0.08333333333333333,,6.0,
2023-08-03 13:15:20-04:00,301.0,280.0,668.0,13:15:20,743.6923076923077,668.0,1065985275.0,743.6923076923077,25.83333333333333,1016.025,90.75,0.3333333333333333,,6.0,
2023-08-03 13:38:48-04:00,278.0,256.0,674.0,13:38:48,743.6923076923077,674.0,1065985298.0,743.6923076923077,25.83333333333333,1016.025,90.75,0.3333333333333333,,6.0,
2023-08-03 14:02:16-04:00,311.0,284.0,646.0,14:02:16,735.6666666666666,646.0,1065985322.0,735.6666666666666,,,,,,6.0,
2023-08-03 14:26:12-04:00,323.0,294.0,787.0,14:26:12,712.0,787.0,1065985346.0,712.0,,,,,,6.0,
2023-08-03 14:50:12-04:00,311.0,270.0,900.0,14:50:12,700.8,900.0,1065985370.0,700.8,,,,,,6.0,
2023-08-03 15:13:39-04:00,274.0,244.0,921.0,15:13:39,725.3333333333334,921.0,1065985393.0,725.3333333333334,27.516666666666666,1016.9333333333334,86.33333333333331,88.0,,6.0,
2023-08-03 15:37:07-04:00,251.0,234.0,691.0,15:37:07,771.875,691.0,1065985417.0,771.875,27.516666666666666,1016.9333333333334,86.33333333333331,88.0,,6.0,
2023-08-04 10:19:52-04:00,288.0,252.0,629.0,10:19:52,660.5,629.0,1065986539.0,660.5,27.758333333333336,1015.7166666666667,82.75,0.3333333333333333,,6.0,
2023-08-04 10:43:19-04:00,290.0,237.0,715.0,10:43:19,789.7777777777778,715.0,1065986563.0,789.7777777777778,27.758333333333336,1015.7166666666667,82.75,0.3333333333333333,,6.0,
2023-08-04 11:06:45-04:00,112.0,75.0,669.0,11:06:45,802.7,669.0,1065986586.0,802.7,26.366666666666664,1015.2166666666667,86.08333333333331,0.0,,6.0,
2023-08-04 11:30:12-04:00,99.0,73.0,469.0,11:30:12,790.4545454545455,469.0,1065986610.0,790.4545454545455,26.366666666666664,1015.2166666666667,86.08333333333331,0.0,,6.0,
2023-08-04 11:53:38-04:00,259.0,244.0,810.0,11:53:38,800.25,810.0,1065986633.0,800.25,26.366666666666664,1015.2166666666667,86.08333333333331,0.0,,6.0,
2023-08-04 12:17:05-04:00,286.0,264.0,459.0,12:17:05,796.3846153846154,459.0,1065986657.0,796.3846153846154,26.04545454545455,1015.0,88.0,1.0,,6.0,
2023-08-04 12:40:33-04:00,270.0,249.0,711.0,12:40:33,794.0714285714286,711.0,1065986680.0,794.0714285714286,26.04545454545455,1015.0,88.0,1.0,,6.0,
2023-08-04 13:04:01-04:00,286.0,267.0,822.0,13:04:01,808.5333333333333,822.0,1065986704.0,808.5333333333333,27.15833333333333,1014.9,86.25,1.3333333333333333,,6.0,
2023-08-04 13:27:29-04:00,297.0,278.0,1824.0,13:27:29,821.3571428571429,1824.0,1065986727.0,821.3571428571429,27.15833333333333,1014.9,86.25,1.3333333333333333,,6.0,
2023-08-04 13:50:57-04:00,152.0,133.0,919.0,13:50:57,829.5384615384615,919.0,1065986750.0,829.5384615384615,27.15833333333333,1014.9,86.25,1.3333333333333333,,6.0,
2023-08-04 14:14:26-04:00,314.0,290.0,668.0,14:14:26,842.9166666666666,668.0,1065986774.0,842.9166666666666,27.391666666666666,1015.1,86.25,3.083333333333333,,6.0,
2023-08-04 14:37:55-04:00,361.0,335.0,908.0,14:37:55,876.9090909090909,908.0,1065986797.0,876.9090909090909,27.391666666666666,1015.1,86.25,3.083333333333333,,6.0,
2023-08-04 15:01:58-04:00,300.0,274.0,750.0,15:01:58,883.6,750.0,1065986821.0,883.6,27.95833333333333,1015.3833333333333,84.41666666666667,87.0,,6.0,
2023-08-04 15:25:26-04:00,96.0,76.0,764.0,15:25:26,930.7777777777778,764.0,1065986845.0,930.7777777777778,27.95833333333333,1015.3833333333333,84.41666666666667,87.0,,6.0,
2023-08-04 15:48:53-04:00,174.0,119.0,1011.0,15:48:53,958.25,1011.0,1065986868.0,958.25,27.95833333333333,1015.3833333333333,84.41666666666667,87.0,,6.0,
2023-08-05 10:07:32-04:00,215.0,192.0,884.0,10:07:32,735.5714285714286,884.0,1065987967.0,735.5714285714286,26.65,1014.625,87.75,0.25,,6.0,
2023-08-05 10:30:57-04:00,224.0,207.0,511.0,10:30:57,725.375,511.0,1065987990.0,725.375,26.65,1014.625,87.75,0.25,,6.0,
2023-08-05 10:54:15-04:00,164.0,141.0,949.0,10:54:15,780.7777777777778,949.0,1065988014.0,780.7777777777778,26.65,1014.625,87.75,0.25,,6.0,
2023-08-05 11:17:42-04:00,126.0,103.0,665.0,11:17:42,770.4,665.0,1065988037.0,770.4,26.25,1013.9166666666664,89.41666666666669,0.3333333333333333,,6.0,
2023-08-05 11:41:08-04:00,112.0,88.0,654.0,11:41:08,811.8181818181819,654.0,1065988061.0,811.8181818181819,26.25,1013.9166666666664,89.41666666666669,0.3333333333333333,,6.0,
2023-08-05 12:28:00-04:00,223.0,210.0,644.0,12:28:00,816.3846153846154,644.0,1065988108.0,816.3846153846154,26.425,1013.775,89.0,0.3333333333333333,,6.0,
2023-08-05 12:51:27-04:00,338.0,317.0,842.0,12:51:27,811.6428571428571,842.0,1065988131.0,811.6428571428571,26.425,1013.775,89.0,0.3333333333333333,,6.0,
2023-08-05 13:14:56-04:00,208.0,194.0,654.0,13:14:56,806.0769230769231,654.0,1065988154.0,806.0769230769231,26.0,1014.0,90.58333333333331,0.0,,6.0,
2023-08-05 13:38:25-04:00,333.0,305.0,1224.0,13:38:25,830.6666666666666,1224.0,1065988178.0,830.6666666666666,26.0,1014.0,90.58333333333331,0.0,,6.0,
2023-08-05 14:01:53-04:00,78.0,56.0,677.0,14:01:53,819.9090909090909,677.0,1065988201.0,819.9090909090909,25.981818181818184,1014.4272727272728,91.0,2.9090909090909087,,6.0,
2023-08-05 14:25:21-04:00,328.0,295.0,1226.0,14:25:21,835.4,1226.0,1065988225.0,835.4,25.981818181818184,1014.4272727272728,91.0,2.9090909090909087,,6.0,
2023-08-05 14:48:49-04:00,339.0,316.0,881.0,14:48:49,855.5555555555555,881.0,1065988248.0,855.5555555555555,25.981818181818184,1014.4272727272728,91.0,2.9090909090909087,,6.0,
2023-08-05 15:12:46-04:00,73.0,53.0,802.0,15:12:46,855.5555555555555,802.0,1065988272.0,855.5555555555555,26.525,1015.4166666666664,90.0,65.75,,6.0,
2023-08-05 15:36:39-04:00,79.0,55.0,750.0,15:36:39,882.0,750.0,1065988296.0,882.0,26.525,1015.4166666666664,90.0,65.75,,6.0,
2023-08-06 10:22:00-04:00,241.0,212.0,878.0,10:22:00,864.0,878.0,1065989422.0,864.0,26.641666666666666,1015.825,89.0,0.4166666666666667,,6.0,
2023-08-06 10:45:26-04:00,198.0,169.0,799.0,10:45:26,917.4444444444445,799.0,1065989445.0,917.4444444444445,26.641666666666666,1015.825,89.0,0.4166666666666667,,6.0,
2023-08-06 11:08:53-04:00,268.0,257.0,895.0,11:08:53,947.7,895.0,1065989468.0,947.7,26.4,1015.5833333333336,89.5,0.4166666666666667,,6.0,
2023-08-06 11:32:21-04:00,50.0,39.0,790.0,11:32:21,898.4545454545455,790.0,1065989492.0,898.4545454545455,26.4,1015.5833333333336,89.5,0.4166666666666667,,6.0,
2023-08-06 11:55:48-04:00,330.0,289.0,780.0,11:55:48,898.6666666666666,780.0,1065989515.0,898.6666666666666,26.4,1015.5833333333336,89.5,0.4166666666666667,,6.0,
2023-08-06 12:19:16-04:00,290.0,271.0,909.0,12:19:16,921.8461538461538,909.0,1065989539.0,921.8461538461538,26.18333333333333,1015.3,90.08333333333331,0.4166666666666667,,6.0,
2023-08-06 12:42:43-04:00,105.0,90.0,851.0,12:42:43,929.0,851.0,1065989562.0,929.0,26.18333333333333,1015.3,90.08333333333331,0.4166666666666667,,6.0,
2023-08-06 13:06:11-04:00,365.0,318.0,1010.0,13:06:11,921.0,1010.0,1065989586.0,921.0,25.95833333333333,1015.6333333333333,90.75,0.9166666666666666,,6.0,
2023-08-06 13:29:40-04:00,178.0,140.0,1345.0,13:29:40,924.0714285714286,1345.0,1065989609.0,924.0714285714286,25.95833333333333,1015.6333333333333,90.75,0.9166666666666666,,6.0,
2023-08-06 13:53:08-04:00,78.0,62.0,1220.0,13:53:08,933.6923076923077,1220.0,1065989633.0,933.6923076923077,25.95833333333333,1015.6333333333333,90.75,0.9166666666666666,,6.0,
2023-08-06 14:16:36-04:00,221.0,196.0,406.0,14:16:36,936.9166666666666,406.0,1065989656.0,936.9166666666666,25.875,1016.4,91.25,2.333333333333333,,6.0,
2023-08-06 14:40:04-04:00,286.0,270.0,901.0,14:40:04,950.2727272727273,901.0,1065989680.0,950.2727272727273,25.875,1016.4,91.25,2.333333333333333,,6.0,
2023-08-06 15:03:32-04:00,340.0,315.0,1200.0,15:03:32,967.3,1200.0,1065989703.0,967.3,26.145454545454548,1016.7545454545453,91.1818181818182,86.0,,6.0,
2023-08-06 15:27:01-04:00,355.0,332.0,1022.0,15:27:01,973.7777777777778,1022.0,1065989727.0,973.7777777777778,26.145454545454548,1016.7545454545453,91.1818181818182,86.0,,6.0,
2023-08-06 15:50:29-04:00,95.0,78.0,809.0,15:50:29,989.125,809.0,1065989750.0,989.125,26.145454545454548,1016.7545454545453,91.1818181818182,86.0,,6.0,
2023-08-07 10:09:23-04:00,232.0,193.0,667.0,10:09:23,877.8,667.0,1065990849.0,877.8,28.59166666666667,1017.3416666666667,86.25,0.16666666666666666,,6.0,
2023-08-07 10:32:50-04:00,222.0,201.0,771.0,10:32:50,872.3333333333334,771.0,1065990872.0,872.3333333333334,28.59166666666667,1017.3416666666667,86.25,0.16666666666666666,,6.0,
2023-08-07 10:56:17-04:00,222.0,198.0,906.0,10:56:17,912.1428571428571,906.0,1065990896.0,912.1428571428571,28.59166666666667,1017.3416666666667,86.25,0.16666666666666666,,6.0,
2023-08-07 11:19:52-04:00,254.0,211.0,836.0,11:19:52,912.1428571428571,836.0,1065990919.0,912.1428571428571,27.83333333333333,1017.1333333333333,87.58333333333331,0.08333333333333333,,6.0,
2023-08-07 11:44:08-04:00,246.0,206.0,1209.0,11:44:08,912.1428571428571,1209.0,1065990944.0,912.1428571428571,27.83333333333333,1017.1333333333333,87.58333333333331,0.08333333333333333,,6.0,
2023-08-07 13:18:24-04:00,76.0,56.0,845.0,13:18:24,953.0,845.0,1065991038.0,953.0,26.68333333333333,1017.15,90.66666666666669,0.25,,6.0,
2023-08-07 13:41:52-04:00,434.0,395.0,1151.0,13:41:52,989.4,1151.0,1065991061.0,989.4,26.68333333333333,1017.15,90.66666666666669,0.25,,6.0,
2023-08-08 10:23:02-04:00,241.0,211.0,799.0,10:23:02,1084.5,799.0,1065992303.0,1084.5,27.96666666666667,1017.8833333333333,87.58333333333331,0.75,,6.0,
2023-08-08 10:46:36-04:00,312.0,250.0,1350.0,10:46:36,1073.6666666666667,1350.0,1065992326.0,1073.6666666666667,27.96666666666667,1017.8833333333333,87.58333333333331,0.75,,6.0,
2023-08-08 11:10:04-04:00,254.0,233.0,1311.0,11:10:04,1067.9,1311.0,1065992350.0,1067.9,27.9,1017.6583333333333,88.75,0.75,,6.0,
2023-08-08 11:33:32-04:00,287.0,247.0,1258.0,11:33:32,1067.0,1258.0,1065992373.0,1067.0,27.9,1017.6583333333333,88.75,0.75,,6.0,
2023-08-08 11:57:00-04:00,283.0,257.0,1162.0,11:57:00,1056.4166666666667,1162.0,1065992397.0,1056.4166666666667,27.9,1017.6583333333333,88.75,0.75,,6.0,
2023-08-08 12:20:29-04:00,291.0,262.0,744.0,12:20:29,1059.3076923076924,744.0,1065992420.0,1059.3076923076924,27.725,1017.3833333333333,89.16666666666669,0.6666666666666666,,6.0,
2023-08-08 12:43:58-04:00,301.0,264.0,1189.0,12:43:58,1136.0,1189.0,1065992443.0,1136.0,27.725,1017.3833333333333,89.16666666666669,0.6666666666666666,,6.0,
2023-08-08 13:07:28-04:00,300.0,278.0,863.0,13:07:28,1129.1333333333334,863.0,1065992467.0,1129.1333333333334,27.84166666666667,1017.5583333333334,88.25,0.5833333333333334,,6.0,
2023-08-08 13:30:57-04:00,330.0,301.0,987.0,13:30:57,1152.7142857142858,987.0,1065992490.0,1152.7142857142858,27.84166666666667,1017.5583333333334,88.25,0.5833333333333334,,6.0,
2023-08-08 13:54:27-04:00,304.0,269.0,1016.0,13:54:27,1137.5384615384614,1016.0,1065992514.0,1137.5384615384614,27.84166666666667,1017.5583333333334,88.25,0.5833333333333334,,6.0,
2023-08-08 14:17:57-04:00,281.0,262.0,1058.0,14:17:57,1123.0833333333333,1058.0,1065992537.0,1123.0833333333333,27.68333333333333,1017.9,88.66666666666669,3.4166666666666665,,6.0,
2023-08-08 14:41:27-04:00,318.0,287.0,940.0,14:41:27,1110.8181818181818,940.0,1065992561.0,1110.8181818181818,27.68333333333333,1017.9,88.66666666666669,3.4166666666666665,,6.0,
2023-08-08 15:04:56-04:00,299.0,261.0,1094.0,15:04:56,1105.7,1094.0,1065992584.0,1105.7,28.383333333333336,1018.7333333333332,87.08333333333331,93.16666666666669,,6.0,
2023-08-08 15:28:25-04:00,305.0,269.0,2133.0,15:28:25,1145.888888888889,2133.0,1065992608.0,1145.888888888889,28.383333333333336,1018.7333333333332,87.08333333333331,93.16666666666669,,6.0,
2023-08-08 15:51:54-04:00,292.0,255.0,1033.0,15:51:54,1140.5,1033.0,1065992631.0,1140.5,28.383333333333336,1018.7333333333332,87.08333333333331,93.16666666666669,,6.0,
2023-08-09 10:12:07-04:00,234.0,212.0,915.0,10:12:07,1096.875,915.0,1065993732.0,1096.875,27.883333333333336,1015.8083333333334,83.33333333333333,0.3333333333333333,,6.0,
2023-08-09 10:35:25-04:00,165.0,141.0,1267.0,10:35:25,1069.111111111111,1267.0,1065993755.0,1069.111111111111,27.883333333333336,1015.8083333333334,83.33333333333333,0.3333333333333333,,6.0,
2023-08-09 10:58:53-04:00,73.0,48.0,1441.0,10:58:53,1042.6,1441.0,1065993778.0,1042.6,27.883333333333336,1015.8083333333334,83.33333333333333,0.3333333333333333,,6.0,
2023-08-09 11:22:21-04:00,268.0,236.0,1028.0,11:22:21,1120.1818181818182,1028.0,1065993802.0,1120.1818181818182,27.266666666666666,1015.35,85.16666666666667,0.25,,6.0,
2023-08-09 11:45:49-04:00,295.0,262.0,950.0,11:45:49,1111.25,950.0,1065993825.0,1111.25,27.266666666666666,1015.35,85.16666666666667,0.25,,6.0,
2023-08-09 12:09:19-04:00,317.0,278.0,963.0,12:09:19,1099.8461538461538,963.0,1065993849.0,1099.8461538461538,26.71666666666667,1015.3916666666664,87.08333333333331,0.6666666666666666,,6.0,
2023-08-09 12:32:48-04:00,346.0,319.0,1100.0,12:32:48,1105.9285714285713,1100.0,1065993872.0,1105.9285714285713,26.71666666666667,1015.3916666666664,87.08333333333331,0.6666666666666666,,6.0,
2023-08-09 12:56:18-04:00,147.0,105.0,1111.0,12:56:18,1108.2666666666667,1111.0,1065993896.0,1108.2666666666667,26.71666666666667,1015.3916666666664,87.08333333333331,0.6666666666666666,,6.0,
2023-08-09 13:19:47-04:00,91.0,69.0,847.0,13:19:47,1122.0714285714287,847.0,1065993919.0,1122.0714285714287,26.43333333333333,1015.3833333333333,87.83333333333331,0.4166666666666667,,6.0,
2023-08-09 13:43:15-04:00,383.0,363.0,804.0,13:43:15,1110.923076923077,804.0,1065993943.0,1110.923076923077,26.43333333333333,1015.3833333333333,87.83333333333331,0.4166666666666667,,6.0,
2023-08-09 14:06:44-04:00,159.0,94.0,1896.0,14:06:44,1083.4166666666667,1896.0,1065993966.0,1083.4166666666667,26.43333333333333,1015.975,88.91666666666669,3.333333333333333,,6.0,
2023-08-09 14:30:14-04:00,309.0,278.0,1013.0,14:30:14,1088.4545454545455,1013.0,1065993990.0,1088.4545454545455,26.43333333333333,1015.975,88.91666666666669,3.333333333333333,,6.0,
2023-08-09 14:53:42-04:00,300.0,266.0,963.0,14:53:42,1102.3,963.0,1065994013.0,1102.3,26.43333333333333,1015.975,88.91666666666669,3.333333333333333,,6.0,
2023-08-09 15:17:11-04:00,253.0,234.0,1185.0,15:17:11,1117.7777777777778,1185.0,1065994037.0,1117.7777777777778,27.175,1016.6083333333332,87.83333333333331,85.91666666666669,,6.0,
2023-08-09 15:40:39-04:00,296.0,262.0,1141.0,15:40:39,1120.0,1141.0,1065994060.0,1120.0,27.175,1016.6083333333332,87.83333333333331,85.91666666666669,,6.0,
2023-08-10 10:00:00-04:00,,,,,,,,,,,,,-40.5,,empty
